Date,ASIR,BPPL,CARG,CIC,CINS,COMB,CTC,DIAL,GEST,JKH,LIOC,LOLC,OSEA,PALM,SINS,TAP,TJL,TYRE,VLL
2024-02-16,0.050792202,0.052277457,0.050479867,0.04964342,0.048364766,0.0514564,0.051395774,0.05275877,0.05240916,0.049304884,0.05005465,0.056227233,0.05397268,0.054702956,0.05579961,0.061926123,0.05046552,0.050823737,0.057144742
2024-02-19,0.048651543,0.052,0.05110755,0.048086204,0.048522905,0.05132499,0.05128261,0.053139504,0.052515753,0.04795039,0.05126868,0.058946136,0.05350292,0.053065162,0.057307627,0.064674795,0.050209843,0.050335847,0.056107573
2024-02-20,0.04901444,0.05119426,0.050928403,0.04827204,0.048322722,0.05151099,0.0511211,0.05357144,0.052253753,0.048194677,0.05088811,0.059386093,0.05378292,0.053260133,0.057918392,0.063666984,0.04978172,0.050834704,0.056097075
2024-02-21,0.048967596,0.051257044,0.050974976,0.04855802,0.04820762,0.051694218,0.051136635,0.053594977,0.05256673,0.048187956,0.051075924,0.058346912,0.053589493,0.053946793,0.057246283,0.064331755,0.049997434,0.050461557,0.055858083
2024-02-22,0.05034766,0.05254982,0.050792657,0.04940969,0.0488443,0.051232446,0.051337067,0.05272921,0.052227058,0.048747316,0.050152827,0.056943305,0.053977486,0.053689428,0.0562512,0.0622019,0.050606165,0.05103229,0.056928217
2024-02-26,0.050283797,0.05216487,0.050783902,0.04910401,0.04897378,0.05138477,0.051639795,0.052849542,0.05211286,0.048549335,0.05024474,0.057166375,0.053957976,0.053640295,0.05666755,0.06250806,0.05026276,0.05073098,0.056974564
2024-02-27,0.051307358,0.05312135,0.051031213,0.049553066,0.049947802,0.05121218,0.052029695,0.052467722,0.05179681,0.048707984,0.0494859,0.05649447,0.054205853,0.05335458,0.05580904,0.06032057,0.050638117,0.051225673,0.05729069
2024-02-28,0.05179892,0.053817183,0.051629696,0.049978662,0.05058532,0.051080495,0.052032143,0.05195897,0.052260153,0.048626084,0.049398646,0.056492712,0.05366332,0.052561816,0.055467367,0.05832024,0.051173396,0.05166971,0.057485186
2024-02-29,0.04976926,0.05296978,0.051013567,0.048480235,0.04933854,0.050652876,0.051604945,0.05146475,0.05290037,0.048430428,0.050660517,0.05747337,0.05339223,0.05222799,0.055999313,0.06390486,0.05084371,0.05057621,0.058297068
2024-03-01,0.048739552,0.052219514,0.051864892,0.04812188,0.04891331,0.051187824,0.051422264,0.0522332,0.053039487,0.0480699,0.051731758,0.058275446,0.052920945,0.053162623,0.056410942,0.065245286,0.050626405,0.049820904,0.055993807
2024-03-04,0.04630271,0.049393293,0.051299434,0.046026435,0.046709824,0.051494412,0.05073474,0.05298779,0.05333062,0.047541793,0.053147428,0.06146576,0.052854385,0.053802766,0.0586789,0.07046284,0.04915227,0.049147878,0.055466726
2024-03-05,0.045533158,0.04875314,0.051161394,0.045882113,0.0461561,0.051759444,0.050386682,0.05340316,0.053478792,0.047370963,0.053829376,0.061191883,0.052505895,0.054388396,0.05894981,0.07319849,0.048920937,0.048272856,0.05485741
2024-03-06,0.045231026,0.04842079,0.050913956,0.0461697,0.045734018,0.051691473,0.050270095,0.053405296,0.05295615,0.047209788,0.053736083,0.06025532,0.05221299,0.054917723,0.05908115,0.07689699,0.048636965,0.04753066,0.054729857
2024-03-07,0.04517262,0.047850695,0.051252328,0.04559756,0.0458221,0.051775236,0.05050005,0.05322295,0.052980043,0.046801485,0.05377425,0.06157973,0.052210268,0.053846303,0.059631098,0.07632804,0.048537485,0.048221022,0.054896686
2024-03-11,0.0453762,0.047389593,0.05084828,0.045764092,0.0454733,0.051995862,0.050500553,0.05337376,0.053041037,0.04704787,0.053905275,0.061060738,0.0521839,0.05453196,0.059818503,0.07663291,0.04832629,0.047968805,0.054761037
2024-03-12,0.0465806,0.048289888,0.051091213,0.046945438,0.045952868,0.05231402,0.05066264,0.05325409,0.0529737,0.047584627,0.052967988,0.059473448,0.052187234,0.05520637,0.058547746,0.07408056,0.049035974,0.04829337,0.054558195
2024-03-13,0.04826783,0.04870455,0.050930142,0.048412904,0.046224255,0.052799597,0.050717402,0.05333223,0.053104583,0.04839365,0.051980563,0.057854574,0.05244145,0.056357037,0.057463076,0.07018977,0.04919333,0.04900542,0.054627687
2024-03-14,0.04829875,0.048544433,0.050769903,0.048365388,0.04621662,0.052664794,0.050796587,0.053277988,0.053529978,0.04834454,0.052317426,0.057775714,0.052218497,0.056128,0.057391685,0.07014418,0.049270224,0.049039375,0.05490594
2024-03-15,0.04770461,0.048436824,0.05112386,0.04762515,0.046685964,0.052442413,0.050893873,0.053404763,0.05346967,0.04775134,0.052598596,0.05916249,0.052331045,0.054858826,0.058274947,0.06945966,0.049314395,0.04940725,0.05505434
2024-03-18,0.049330484,0.049562085,0.050633874,0.04884225,0.047245573,0.0523046,0.05106553,0.053053524,0.052911006,0.04851216,0.051235724,0.057600163,0.052862994,0.055188455,0.057199854,0.06705888,0.049618658,0.050121266,0.05565293
2024-03-19,0.049098056,0.04960144,0.05058288,0.04877873,0.047125064,0.052296378,0.051062554,0.05293747,0.053315103,0.048441883,0.0514815,0.057132058,0.05265357,0.055510283,0.05671834,0.06825428,0.049649455,0.04969741,0.05566359
2024-03-20,0.049775437,0.049956184,0.050507735,0.04946454,0.047316924,0.052390523,0.051080514,0.052847225,0.053709242,0.048735574,0.051182285,0.05638426,0.0524431,0.05576402,0.056056034,0.06644653,0.049900275,0.050022155,0.056017466
2024-03-21,0.04994751,0.05019618,0.050788283,0.049799267,0.047336012,0.05263515,0.051017493,0.052878086,0.05392326,0.048885264,0.05127663,0.055790417,0.05234269,0.056525737,0.055411253,0.06638552,0.04991931,0.049552936,0.05538905
2024-03-22,0.050263867,0.049879644,0.050492402,0.050694257,0.046530414,0.05307836,0.050604604,0.053039692,0.054168563,0.049334303,0.051050287,0.054916926,0.052194834,0.057888914,0.05499887,0.06647352,0.049508676,0.049587633,0.055294294
2024-03-25,0.050462164,0.050368458,0.05049878,0.050527398,0.047072954,0.052586313,0.050860096,0.0525684,0.053723276,0.049223702,0.050758775,0.054997664,0.052469477,0.05704782,0.055100206,0.065957315,0.049708746,0.049934916,0.05613357
2024-03-26,0.051897764,0.049922083,0.05042995,0.05186205,0.046902493,0.05305293,0.050870687,0.052704215,0.054320518,0.050041087,0.050175738,0.053945288,0.051921003,0.05767421,0.05441919,0.06347445,0.050001603,0.050496522,0.05588814
2024-03-27,0.050851427,0.049486976,0.050093286,0.051024377,0.046430826,0.052613523,0.05069004,0.05268072,0.0540634,0.049573563,0.050696325,0.05494714,0.052125476,0.057173368,0.055516154,0.06576437,0.049504098,0.050356958,0.056408014
2024-03-28,0.050966702,0.049519185,0.05010071,0.050836615,0.04689582,0.05215354,0.050913334,0.05221956,0.053844485,0.04955824,0.050423447,0.05515258,0.052187674,0.05641882,0.055759232,0.065715775,0.049526267,0.05051464,0.057293348
2024-04-01,0.04809404,0.04806705,0.050263282,0.04833831,0.0458964,0.051600695,0.050647028,0.05198801,0.053090513,0.048367437,0.051912505,0.056771554,0.052302375,0.055417404,0.05772021,0.07580801,0.048706852,0.04859406,0.056414288
2024-04-02,0.047458835,0.047788423,0.050249573,0.048091054,0.0456486,0.05142556,0.050536163,0.051983222,0.052774176,0.048060946,0.052063707,0.05692633,0.052333858,0.05540011,0.05826438,0.07789202,0.048452012,0.048140105,0.056510925
2024-04-03,0.047807172,0.04798497,0.049965348,0.048274215,0.045790806,0.051362645,0.050408382,0.051997516,0.05333673,0.04856256,0.051942695,0.057061397,0.05226944,0.0555729,0.058079373,0.07564714,0.04830527,0.048492573,0.057138927
2024-04-04,0.047745664,0.047886986,0.05006532,0.04823631,0.045728516,0.051517077,0.050347853,0.05210254,0.05315036,0.048525296,0.051920675,0.05723725,0.05238028,0.05568591,0.058282685,0.0754255,0.048144355,0.048527267,0.057090048
2024-04-05,0.04642199,0.047267765,0.050172642,0.047229245,0.045421116,0.05161078,0.05030657,0.05262251,0.053134028,0.047854535,0.052844863,0.05829742,0.052200705,0.055353083,0.0591093,0.07821924,0.047893,0.047894523,0.05614668
2024-04-08,0.04565503,0.047534253,0.05065806,0.046697833,0.045430012,0.05155598,0.050367348,0.052980814,0.052749816,0.04722268,0.05316785,0.058942605,0.05205393,0.054954167,0.059439834,0.07936285,0.0481555,0.047613885,0.055457562
2024-04-09,0.046663642,0.047865126,0.050531164,0.047482967,0.04562338,0.05133354,0.050375134,0.052267116,0.052596293,0.047849957,0.052150685,0.05792628,0.052233186,0.05499531,0.058818903,0.07858207,0.04833726,0.04806735,0.056300662
2024-04-10,0.045865674,0.047753725,0.05013792,0.047077507,0.045334887,0.05104323,0.050192498,0.05233657,0.053147037,0.047776606,0.052881747,0.058252007,0.051884815,0.055042118,0.058821533,0.0803147,0.048210725,0.047444757,0.05648189
2024-04-15,0.045289703,0.04753276,0.050152097,0.046756595,0.045036886,0.05101579,0.04998423,0.052597277,0.05316305,0.047591854,0.05325829,0.058708783,0.051705297,0.05528578,0.059174962,0.081698574,0.048047494,0.047020666,0.05597989
2024-04-16,0.04684541,0.04872195,0.050340667,0.04768429,0.045864034,0.051010754,0.05030047,0.05198611,0.05224872,0.04812939,0.051830545,0.057633035,0.052349713,0.05554637,0.058355954,0.07812328,0.048462994,0.04791366,0.056652673
2024-04-17,0.047067452,0.048830584,0.05011821,0.04870498,0.045173552,0.051269177,0.04992133,0.052533276,0.052749764,0.048633806,0.052041836,0.05643205,0.05224489,0.057717443,0.05762538,0.07778161,0.0480927,0.047127366,0.05593463
2024-04-18,0.048478927,0.04905072,0.050115734,0.04993585,0.045468032,0.05176685,0.0499982,0.052329265,0.052781314,0.049243,0.051199578,0.0550215,0.052519023,0.058465715,0.056848545,0.074524336,0.048230935,0.04774919,0.056273207
2024-04-19,0.04927832,0.049950413,0.050558615,0.049808457,0.046455022,0.05141282,0.05061092,0.05141565,0.052727267,0.049304366,0.05044427,0.05498303,0.052429277,0.056959607,0.05615519,0.072216704,0.049147993,0.048764482,0.057377666
2024-04-22,0.04904787,0.049636934,0.05040522,0.049752835,0.046186056,0.0514043,0.050571434,0.05145388,0.05273406,0.049272917,0.05055167,0.05506384,0.052492157,0.057128016,0.056459084,0.072908364,0.04894192,0.048562404,0.05742704
2024-04-24,0.048513092,0.04980224,0.050633907,0.049161565,0.046249695,0.05117576,0.050447386,0.051540397,0.05282841,0.04897174,0.05078801,0.05614078,0.052474976,0.05588783,0.05681877,0.0730857,0.0492694,0.048866592,0.057343792
2024-04-25,0.04846042,0.049026996,0.05120399,0.04918825,0.04652144,0.051945556,0.05001968,0.051602196,0.053929072,0.04940341,0.051509354,0.05709633,0.05141772,0.05557711,0.057219,0.070596516,0.04906663,0.049220957,0.0569954
2024-04-26,0.048601862,0.04888164,0.051099252,0.04944564,0.046556793,0.051846776,0.050012916,0.05145332,0.054514114,0.049659297,0.051594723,0.056626372,0.050956097,0.055385523,0.05693969,0.07037777,0.04941072,0.049271673,0.05736574
2024-04-29,0.048224185,0.04918312,0.05108977,0.049081884,0.046746116,0.05149285,0.05006063,0.051276274,0.054549217,0.04950623,0.051731803,0.05699598,0.05100849,0.054754008,0.056934785,0.07075244,0.049517583,0.049346544,0.05774802
2024-04-30,0.047663666,0.04971109,0.05119461,0.0484444,0.04698248,0.05115965,0.05022334,0.051351935,0.054134037,0.048952054,0.05193681,0.05797262,0.051412668,0.053820074,0.05736773,0.07054374,0.049783304,0.04955049,0.057795312
2024-05-02,0.04858825,0.049503885,0.05098558,0.04954859,0.046875,0.05137409,0.05015185,0.051148254,0.054123733,0.049455784,0.05130552,0.05651056,0.05120454,0.054539442,0.056760054,0.07040926,0.04981666,0.04976023,0.0579387
2024-05-03,0.049529683,0.04955153,0.051089987,0.050590374,0.04669409,0.05165784,0.04990125,0.05128881,0.055236634,0.050198756,0.051214766,0.05523357,0.050561678,0.05582133,0.055540483,0.06872481,0.050404195,0.049326308,0.057433885
2024-05-06,0.0491831,0.049743347,0.051040012,0.049796257,0.047145836,0.05139558,0.050337903,0.050867986,0.05414804,0.04966844,0.05095429,0.055799253,0.05116496,0.054866888,0.056119863,0.06998491,0.05013183,0.049708795,0.057942737
2024-05-07,0.048311487,0.04987562,0.050857887,0.049175184,0.04683479,0.051185187,0.050278045,0.051107347,0.05392067,0.049217384,0.051498618,0.056319036,0.051433135,0.05484571,0.05637625,0.07195111,0.04995879,0.049253773,0.057600018
2024-05-08,0.04927028,0.05018962,0.05064355,0.049841803,0.046992052,0.050874963,0.05046277,0.05088672,0.05384782,0.049621772,0.050970163,0.05575149,0.051482946,0.054896306,0.055843845,0.07027809,0.050418403,0.049579877,0.058147594
2024-05-09,0.048388965,0.05031441,0.051079124,0.049094964,0.04720056,0.050990805,0.050356973,0.05112184,0.05437452,0.049319275,0.051687192,0.056704354,0.051237017,0.054477416,0.05602669,0.07031182,0.050464004,0.049255546,0.05759461
2024-05-10,0.047775615,0.05044226,0.051007207,0.048742816,0.047009025,0.050946902,0.050238296,0.051495444,0.05377205,0.04903582,0.051889706,0.057290282,0.05156172,0.054510888,0.056465816,0.07131449,0.05024177,0.049108237,0.057151686
2024-05-13,0.04719999,0.050298803,0.050811425,0.048179034,0.04685552,0.05089591,0.050374065,0.051554352,0.053054836,0.04865004,0.051983315,0.057513252,0.052055128,0.054582737,0.05685276,0.07380062,0.049762737,0.04870069,0.056874797
2024-05-14,0.047687292,0.051078524,0.051073134,0.047916338,0.04779089,0.050847977,0.050985627,0.051083654,0.0529885,0.048397515,0.051927615,0.0575614,0.052316204,0.05377295,0.05632699,0.07183025,0.050142393,0.049135912,0.057136822
2024-05-15,0.048246153,0.051008034,0.05107551,0.04837136,0.04778646,0.050852973,0.050970122,0.050897587,0.053164326,0.048588593,0.05153289,0.056839548,0.052195728,0.054144375,0.05601785,0.07140703,0.050066896,0.04926071,0.05757386
2024-05-16,0.048258945,0.051204775,0.051251616,0.048140183,0.048142236,0.05092377,0.05114652,0.050881825,0.052862156,0.048530266,0.05149129,0.057162624,0.052375134,0.053790823,0.056105405,0.07072881,0.050212473,0.049448717,0.05734243
2024-05-17,0.048019014,0.05103662,0.051223375,0.048078302,0.047922537,0.05079415,0.05102194,0.050965562,0.052891076,0.04842413,0.05161518,0.057322055,0.052351657,0.053707223,0.05630728,0.071343586,0.050156806,0.049357343,0.05746211
2024-05-20,0.050263632,0.0517148,0.051840488,0.049505934,0.049058367,0.051079985,0.051465854,0.050459478,0.052272875,0.049001247,0.05023648,0.055554815,0.05279407,0.054060273,0.05542635,0.066709355,0.050623465,0.05039723,0.057535347
2024-05-21,0.050648455,0.05180977,0.052051812,0.049872234,0.0492775,0.05115732,0.051426183,0.050641146,0.052435607,0.049223788,0.049946424,0.055341035,0.052618332,0.054227155,0.055206895,0.06552048,0.050702825,0.050500885,0.057392173
2024-05-22,0.04974823,0.0511357,0.051573776,0.049911335,0.048191573,0.051037695,0.050738614,0.050946154,0.05371122,0.049313933,0.05075463,0.056024697,0.051646423,0.054224037,0.055292953,0.066573314,0.0508522,0.050525416,0.05779813
2024-05-27,0.0506994,0.05054661,0.051253833,0.050642554,0.04790681,0.051436614,0.050656524,0.051129524,0.05444837,0.050077055,0.05046681,0.054935455,0.05122033,0.055232096,0.054714985,0.06621093,0.05058899,0.050256167,0.057577003
2024-05-28,0.05220074,0.052099977,0.051419776,0.05120274,0.049421817,0.051095814,0.05129497,0.05063198,0.052947514,0.050144244,0.048779216,0.054689985,0.052224588,0.054691263,0.05448883,0.061893992,0.05049051,0.051529665,0.058752377
2024-05-29,0.052289356,0.052580412,0.051346384,0.05021348,0.049614374,0.05051143,0.051578045,0.05023983,0.05237065,0.049638342,0.048609413,0.054958276,0.05313581,0.054296758,0.054529153,0.06272953,0.05044184,0.051402252,0.059514593
2024-05-30,0.052814662,0.052037988,0.051242564,0.05106085,0.0493122,0.050904363,0.051528864,0.050599225,0.05272953,0.050278284,0.048552174,0.054106735,0.05250084,0.05513708,0.054203283,0.0626314,0.050590493,0.051204164,0.05856529
2024-05-31,0.05115252,0.052317765,0.051240604,0.049606014,0.049238473,0.05037405,0.05142192,0.05045105,0.052303333,0.04927694,0.04907546,0.055803884,0.053007457,0.053706255,0.055329956,0.06472813,0.050207958,0.05112116,0.05963696
2024-06-03,0.052756254,0.05252578,0.050875593,0.05076944,0.049421325,0.05040021,0.051669635,0.050360426,0.0523184,0.05017999,0.048264064,0.054334946,0.052935403,0.05476599,0.054318573,0.06256962,0.050375357,0.051364128,0.05979492
2024-06-04,0.05062727,0.051912956,0.050778702,0.04916333,0.048707005,0.05021027,0.05150293,0.050366852,0.052449144,0.04928023,0.04962336,0.055926964,0.052862205,0.053769924,0.055465847,0.06707083,0.05011124,0.050564073,0.059606906
2024-06-05,0.049716838,0.05112566,0.050358683,0.048793085,0.047945466,0.050056253,0.051271997,0.05055501,0.052841745,0.049117245,0.050373536,0.056227226,0.05269915,0.054060675,0.055925254,0.06965996,0.049694434,0.049854457,0.05972329
2024-06-06,0.05041457,0.051991962,0.05037173,0.049481478,0.048403468,0.049950182,0.051211968,0.050499175,0.052810032,0.049377743,0.04975942,0.056046415,0.052848466,0.054120187,0.055482514,0.06619586,0.05005076,0.050599255,0.060384862
2024-06-07,0.050144155,0.051750995,0.050380655,0.0494052,0.04836063,0.050008774,0.051044613,0.05063724,0.05302341,0.04942584,0.049874857,0.056306113,0.05263069,0.054217417,0.055662114,0.066238835,0.0497804,0.05050814,0.060599837
2024-06-10,0.04891871,0.05094056,0.050218236,0.04859558,0.047570564,0.05005019,0.05084825,0.051056817,0.053544804,0.049003825,0.051079668,0.05725005,0.052366547,0.05410787,0.056296103,0.068781,0.04956429,0.049897652,0.059909314
2024-06-11,0.049477782,0.051786676,0.050329845,0.049334876,0.04813331,0.050090212,0.050970066,0.05115296,0.05351039,0.04935774,0.05067525,0.057115573,0.05228039,0.053937465,0.055931255,0.065261886,0.050105758,0.0505754,0.059973177
2024-06-12,0.050674707,0.05256484,0.050090823,0.05017504,0.048677802,0.04960655,0.051055375,0.05043267,0.05351918,0.049804267,0.049477696,0.05603271,0.052211877,0.053701427,0.055328015,0.06334054,0.05038622,0.05114263,0.061777532
2024-06-13,0.05087842,0.052800696,0.05035584,0.050451335,0.049120948,0.05008942,0.050973684,0.050561108,0.053721577,0.05017913,0.049444716,0.056162857,0.05168973,0.053740125,0.055174295,0.06166989,0.05036716,0.051401354,0.06121781
2024-06-14,0.05144896,0.052331597,0.050729413,0.05070256,0.049099844,0.050383307,0.0510191,0.050075557,0.05289312,0.05037487,0.049331732,0.05536602,0.052046474,0.05443973,0.05502035,0.06308103,0.050307747,0.051046353,0.060302228
2024-06-18,0.053382643,0.052407198,0.051084638,0.052152403,0.04954161,0.051227845,0.051084757,0.050183043,0.053872403,0.051393114,0.04852853,0.0536276,0.051427614,0.055394292,0.053467453,0.05932906,0.05075529,0.051690143,0.059450366
2024-06-19,0.05089191,0.051100742,0.05086055,0.050179787,0.04833269,0.050907332,0.05093654,0.050580792,0.054129,0.05047155,0.05010992,0.05471021,0.05142637,0.05519379,0.054542236,0.066860944,0.050222527,0.049742974,0.058800194
2024-06-20,0.051647827,0.05191668,0.051324185,0.050562058,0.04912096,0.050931104,0.05127479,0.050577614,0.05321249,0.050223544,0.049601357,0.05444365,0.051917404,0.055013724,0.05431747,0.0644871,0.050725833,0.05025812,0.058444098
2024-06-24,0.0519687,0.05215516,0.050586313,0.05098022,0.04930749,0.050633043,0.05124578,0.050338455,0.052266035,0.050457623,0.048589226,0.054719537,0.052577518,0.054751765,0.055025585,0.06297258,0.050179064,0.05124756,0.05999837
2024-06-25,0.052076817,0.052852523,0.050658446,0.05043867,0.049608298,0.05021986,0.051402282,0.049750008,0.051664785,0.05006723,0.04821832,0.054930624,0.053144384,0.053963736,0.05497741,0.06308823,0.050379198,0.051510926,0.061048236
2024-06-26,0.05269612,0.05320087,0.050585736,0.050702974,0.049962655,0.04999588,0.051526085,0.0495962,0.0519946,0.050205223,0.04808089,0.054576244,0.0530188,0.05349832,0.054590873,0.06158095,0.05075705,0.051853284,0.061577294
2024-06-27,0.05450247,0.05418237,0.050851483,0.052283034,0.050853845,0.050392568,0.051552106,0.049614213,0.052448917,0.051184386,0.0470196,0.05361168,0.052598115,0.053979933,0.053316716,0.056225605,0.05106179,0.053015653,0.06130556
2024-06-28,0.052443013,0.05335592,0.05082349,0.05050931,0.050041948,0.050171636,0.05155923,0.04960487,0.05214233,0.050170623,0.04829228,0.054591935,0.052864935,0.053397834,0.054518223,0.062135167,0.05076685,0.051683925,0.060926504
2024-07-01,0.05504211,0.053794887,0.050632138,0.0523442,0.050739408,0.050253168,0.051809326,0.04930587,0.052248504,0.051176105,0.047039285,0.05271147,0.05280396,0.054056108,0.053175353,0.057440527,0.051382095,0.052569967,0.06147556
2024-07-02,0.055172954,0.05387132,0.050812077,0.05254722,0.050665848,0.050255794,0.051684335,0.049342282,0.052125074,0.051296346,0.046790462,0.052652918,0.052824356,0.054255664,0.053213477,0.05723846,0.0512264,0.052499782,0.061525226
2024-07-03,0.055712797,0.05408782,0.050537974,0.052760873,0.05098531,0.050260644,0.051908657,0.049230784,0.051819358,0.051491067,0.04647671,0.052376956,0.053096216,0.05412918,0.053039096,0.05613416,0.051322192,0.05294902,0.061681245
2024-07-04,0.05596102,0.054066,0.050854843,0.053063713,0.0508413,0.050702017,0.051800326,0.04963866,0.052090332,0.051719014,0.04655796,0.05202932,0.052838814,0.054942966,0.052681733,0.055638645,0.05135293,0.052551918,0.06066855
2024-07-05,0.05570075,0.054051433,0.050886363,0.053002484,0.05070045,0.05072722,0.051681176,0.049669277,0.052233286,0.051692486,0.046662364,0.05209528,0.052706398,0.05502919,0.052661955,0.056038897,0.051446393,0.05250094,0.060513757
2024-07-08,0.054931395,0.05445247,0.050911155,0.05222174,0.051229853,0.050330717,0.051926732,0.04932585,0.052367803,0.051120806,0.04695285,0.05261346,0.052909456,0.05373127,0.05307527,0.056430545,0.05145811,0.05271411,0.061296433
2024-07-09,0.055354875,0.053911686,0.050831106,0.05233131,0.050890636,0.050443422,0.051981397,0.049265612,0.052358095,0.051369634,0.047019057,0.052233726,0.052917674,0.05429335,0.052994937,0.056939524,0.05138233,0.052520707,0.060960975
2024-07-10,0.054949045,0.05424942,0.050997242,0.05220466,0.05093605,0.05037961,0.051783428,0.04921263,0.052626856,0.051255357,0.04725221,0.052529816,0.05270905,0.054102484,0.05289125,0.05715582,0.05148122,0.052471366,0.060812447
2024-07-11,0.054352682,0.054543518,0.050997216,0.05168293,0.051024463,0.050258454,0.051915042,0.049263258,0.05262019,0.050744187,0.0475709,0.05303425,0.05295229,0.05360685,0.053121466,0.05725961,0.051553395,0.052579314,0.060920008
2024-07-12,0.05456186,0.05454912,0.05094315,0.051877216,0.051042143,0.050427854,0.051955648,0.049377333,0.052765787,0.050862547,0.047343742,0.052955844,0.05277916,0.053708673,0.052916672,0.05659254,0.051673964,0.052764393,0.06090235
2024-07-15,0.054993186,0.05368225,0.051038083,0.05263596,0.05067031,0.05097988,0.051675048,0.049675785,0.053286564,0.05146496,0.04749674,0.05231846,0.05214431,0.054592427,0.05255192,0.056646477,0.051768966,0.05245925,0.05991942
2024-07-16,0.054708045,0.053939853,0.050963577,0.052324984,0.050633647,0.050870772,0.05169238,0.04982879,0.05331439,0.051170968,0.04737875,0.052901864,0.05233043,0.0541745,0.05274112,0.0562795,0.051810693,0.052704893,0.060230903
2024-07-17,0.054620724,0.05417083,0.05088479,0.052270766,0.05074446,0.050563548,0.051740427,0.049637984,0.05268628,0.05100472,0.047319613,0.052894767,0.052615274,0.054184794,0.05289679,0.05686932,0.05174796,0.05262253,0.060524378
2024-07-18,0.053850066,0.0542592,0.05114569,0.051717386,0.050649714,0.050314043,0.05166616,0.049778126,0.05297003,0.050515737,0.04784262,0.053472806,0.05267797,0.053821493,0.05311279,0.057599224,0.051814623,0.05225415,0.060538225
2024-07-19,0.054442205,0.05387873,0.051353402,0.052531514,0.05067298,0.051155683,0.05155482,0.05015607,0.0534692,0.05109024,0.04766748,0.052825004,0.05202231,0.054863878,0.05251296,0.05641919,0.051669396,0.052399095,0.05931583
2024-07-22,0.054885298,0.053620387,0.0509397,0.05275867,0.050132707,0.051319268,0.05152723,0.05012277,0.05412822,0.05168712,0.047759585,0.052391775,0.051722907,0.055469554,0.052097138,0.05606746,0.05150236,0.052371345,0.059496544
2024-07-23,0.05468482,0.05412564,0.051168066,0.05202969,0.050620403,0.050687473,0.051775794,0.049918313,0.052885458,0.050937384,0.04772039,0.05288052,0.052718334,0.054592274,0.052717187,0.056746878,0.051665407,0.0523655,0.059760496
2024-07-24,0.054211095,0.053758252,0.050984114,0.052134026,0.05018427,0.05096649,0.051634423,0.050369855,0.053018425,0.050895102,0.047759753,0.05319259,0.052460354,0.05466267,0.05303248,0.057270106,0.051601615,0.052434452,0.059429932
2024-07-25,0.05446298,0.053787857,0.05086756,0.052558627,0.050228566,0.05101871,0.051617634,0.050272256,0.053352803,0.05121764,0.047549553,0.052767303,0.052214585,0.054960083,0.05273704,0.056687213,0.051541924,0.052503794,0.05965389
2024-07-26,0.05395032,0.054256316,0.050367024,0.0517132,0.050245162,0.050102983,0.051750265,0.049830295,0.052246563,0.05062598,0.04751914,0.053320535,0.05319772,0.053944085,0.053616017,0.0582061,0.051451065,0.052423652,0.061233584
2024-07-29,0.053555787,0.05437006,0.05028138,0.051442303,0.05026473,0.049745023,0.051659036,0.04975272,0.052423894,0.05041103,0.04761711,0.05358303,0.05320691,0.053643987,0.05385389,0.058534466,0.051460218,0.05223204,0.061962403
2024-07-30,0.05315905,0.055460352,0.050593764,0.05156929,0.050784416,0.049660206,0.051548116,0.049763568,0.052860677,0.050338164,0.047420215,0.053949248,0.05292231,0.05321305,0.05339547,0.05708144,0.051653817,0.052394934,0.062231913
2024-07-31,0.053420454,0.055565983,0.05084829,0.051281277,0.051015522,0.049695555,0.05176317,0.049564324,0.05259605,0.05004805,0.04755909,0.05379816,0.053405873,0.052837633,0.053464748,0.057083968,0.051684506,0.052450098,0.061917163
2024-08-01,0.05304741,0.054997675,0.050680596,0.05102478,0.05059542,0.04970834,0.051667992,0.049587954,0.052459233,0.049914822,0.047942396,0.05381596,0.053399656,0.05314886,0.05378798,0.05865353,0.05162992,0.052054044,0.06188348
2024-08-02,0.053455174,0.05499656,0.050705526,0.051414847,0.050615728,0.04984993,0.051666226,0.04962707,0.052365597,0.050196536,0.0476183,0.053599898,0.053277947,0.053340968,0.053626962,0.058005992,0.051606275,0.052252814,0.061777677
2024-08-05,0.053892877,0.05513527,0.050643675,0.051888898,0.050847836,0.05004307,0.051764935,0.04976388,0.052418,0.050531957,0.04721314,0.05322775,0.053184092,0.05358333,0.053317092,0.05680554,0.051604737,0.05254382,0.061590113
2024-08-06,0.053888418,0.0551862,0.05063525,0.05197728,0.05086784,0.050036944,0.0517319,0.049659196,0.05234673,0.050481103,0.0470963,0.053269323,0.053220637,0.05359639,0.053251095,0.056688845,0.051589757,0.052654784,0.061821904
2024-08-07,0.053507343,0.05468892,0.05040905,0.051846746,0.05035694,0.05027371,0.05152103,0.049766894,0.052471407,0.050616555,0.04737535,0.053464282,0.053074922,0.053719185,0.05369361,0.057564504,0.05147496,0.05261892,0.061555766
2024-08-08,0.05347829,0.055284776,0.05086099,0.05227031,0.05083774,0.050609972,0.051562537,0.049951382,0.052589796,0.05070364,0.047110625,0.053511515,0.052679367,0.05396897,0.053102218,0.056396622,0.05150584,0.052786406,0.060789045
2024-08-09,0.053218562,0.054914795,0.050646015,0.052000027,0.05024353,0.050487764,0.051436655,0.050194956,0.052980144,0.05075343,0.047573768,0.05383909,0.052597057,0.054154586,0.05326379,0.056858238,0.05143135,0.052544285,0.060861953
2024-08-12,0.053815562,0.05478368,0.050535757,0.052383706,0.050201092,0.05069696,0.051501326,0.0506026,0.05334825,0.051170666,0.04730757,0.05346841,0.052570533,0.05439578,0.052950203,0.05525822,0.051594794,0.052864853,0.06055005
2024-08-13,0.053020775,0.05425742,0.05050746,0.051574066,0.049860824,0.05059589,0.051517244,0.050511394,0.05341577,0.050860025,0.04802652,0.05479986,0.052453924,0.053654622,0.05357589,0.056654565,0.051384754,0.05289353,0.060435515
2024-08-14,0.05181866,0.05404575,0.05103038,0.05120558,0.049914166,0.051157817,0.0515142,0.051103372,0.052760985,0.050302982,0.049102437,0.055051133,0.05257633,0.054036103,0.0539226,0.05861214,0.051397964,0.052029688,0.058417648
2024-08-15,0.05163779,0.05346794,0.050801784,0.051263794,0.04921113,0.05106186,0.051216636,0.051113147,0.05325985,0.050659552,0.04936291,0.054981206,0.052212905,0.05464329,0.053813614,0.05987429,0.051215462,0.05172424,0.058478594
2024-08-16,0.053028956,0.053466555,0.051031288,0.05244034,0.049699806,0.051503066,0.05120495,0.05109383,0.05350991,0.0513697,0.04832408,0.05414356,0.051876955,0.055240843,0.053064637,0.056736134,0.051236335,0.052532643,0.058496457
2024-08-20,0.052058816,0.053744946,0.05120087,0.05179059,0.0496455,0.051244184,0.051180545,0.05100217,0.053335402,0.050764933,0.04871943,0.05485775,0.052000947,0.05472357,0.05348419,0.057987873,0.051233947,0.05222657,0.058797807
2024-08-21,0.05167327,0.05387371,0.051456675,0.05166261,0.049712405,0.051210843,0.051044732,0.05119378,0.053563498,0.050728064,0.048931316,0.055022553,0.05179456,0.054845333,0.053630177,0.05811731,0.05101999,0.051779255,0.05873992
2024-08-22,0.052274913,0.053781524,0.05156092,0.052255448,0.049821667,0.05159933,0.050990276,0.05173517,0.053427175,0.05105199,0.048568096,0.05460085,0.051884238,0.055140745,0.0534897,0.056756154,0.051072042,0.052212127,0.05777763
2024-08-23,0.05284306,0.054283872,0.051088102,0.052689295,0.049954344,0.051083073,0.051153637,0.05101232,0.05300813,0.050972156,0.048133336,0.053692278,0.052196518,0.055134986,0.05310981,0.05705704,0.051309064,0.052292973,0.058986086
2024-08-26,0.05370502,0.05383587,0.051396612,0.052459005,0.05033075,0.051922303,0.05153155,0.051213596,0.05284987,0.051125772,0.04751921,0.053545564,0.05245788,0.055151735,0.053049143,0.05598451,0.051096067,0.052815188,0.058010314
2024-08-27,0.054148097,0.054542046,0.05176735,0.05238435,0.05110382,0.051778857,0.05182979,0.050836712,0.05201884,0.050722115,0.047536943,0.05298583,0.05316363,0.054974243,0.053107087,0.055347703,0.051294744,0.052562334,0.057895552
2024-08-28,0.054258406,0.054596752,0.051747307,0.052307986,0.0511536,0.05156418,0.051867053,0.050641466,0.05183633,0.050769404,0.047534823,0.05289083,0.05332457,0.05486883,0.053209014,0.055677123,0.051254757,0.052462693,0.058034867
2024-08-29,0.053426333,0.054496214,0.0515494,0.0512683,0.050776962,0.05114896,0.05189492,0.05064228,0.05228206,0.050345458,0.048256613,0.053897385,0.053251475,0.054447155,0.05342253,0.057227056,0.05116146,0.052091315,0.05841412
2024-08-30,0.05168028,0.053613342,0.051577315,0.049958564,0.049928464,0.05109776,0.05168845,0.050840944,0.052322693,0.049817648,0.04932736,0.054754343,0.05318791,0.054766476,0.05423253,0.062177308,0.050467573,0.050770253,0.057790846
2024-09-02,0.053494763,0.054235063,0.051147643,0.050902076,0.050456975,0.050745644,0.05204835,0.050413314,0.052086107,0.05026433,0.048292603,0.053807955,0.053454828,0.05462395,0.053500034,0.058540646,0.050941877,0.05179923,0.059244636
2024-09-03,0.05332777,0.053835668,0.05144097,0.05098353,0.050311364,0.05123156,0.05192633,0.050728697,0.0522184,0.050394665,0.048349615,0.053939886,0.053140547,0.054962255,0.053525407,0.058872383,0.050740987,0.05175018,0.05831986
2024-09-04,0.051695295,0.054075386,0.051190905,0.05058603,0.04976572,0.051125895,0.05150862,0.051172234,0.053144418,0.050312802,0.04937714,0.054764904,0.052471578,0.05460242,0.05374902,0.06022991,0.051076736,0.051269382,0.057881594
2024-09-05,0.05151359,0.054388393,0.0513307,0.05073618,0.04989137,0.051347803,0.051479083,0.051287085,0.053012006,0.050210852,0.049515385,0.05476015,0.05249949,0.054802045,0.053583734,0.059585392,0.051171333,0.05122999,0.05765537
2024-09-06,0.0509975,0.054048553,0.05133178,0.050016988,0.049728077,0.051240977,0.051500686,0.051228363,0.05294958,0.0500008,0.049810153,0.05525959,0.052657127,0.05449174,0.053961094,0.06144264,0.050934386,0.050935797,0.057464205
2024-09-09,0.0508764,0.054079987,0.05146335,0.049783546,0.049792208,0.051287282,0.05148082,0.05117895,0.052878965,0.049920794,0.049842436,0.055505168,0.0527264,0.054425623,0.05410851,0.061756216,0.05076183,0.05079729,0.05733422
2024-09-10,0.052192625,0.0543765,0.051451053,0.050193444,0.050348815,0.051166113,0.05177652,0.05096364,0.052717414,0.050080784,0.049196944,0.055087406,0.05302345,0.054311402,0.05372273,0.058952857,0.050987735,0.051458932,0.057991717
2024-09-11,0.052584715,0.054636158,0.051254496,0.050338235,0.050473608,0.051083658,0.051805973,0.05087637,0.05251809,0.05013397,0.048832014,0.054949626,0.05329969,0.054231346,0.053680565,0.058058128,0.051035278,0.051737275,0.058470678
2024-09-12,0.051525846,0.054282445,0.05109889,0.049917314,0.04995272,0.051153895,0.051628504,0.051085457,0.052973267,0.05004364,0.04952445,0.05544727,0.05288637,0.054360665,0.05383968,0.059952375,0.050997365,0.051228218,0.058101673
2024-09-13,0.051442362,0.053872343,0.051168535,0.050312538,0.049706247,0.05164317,0.051489063,0.051322743,0.05339809,0.050244935,0.049532387,0.055189677,0.052384082,0.054732807,0.053660255,0.05978659,0.05115164,0.05137182,0.057590727
2024-09-18,0.051999927,0.053704213,0.05084176,0.050541356,0.04963149,0.051615987,0.05159642,0.051150516,0.052299205,0.0502707,0.048715062,0.054985646,0.05296603,0.054689184,0.05414102,0.059930425,0.05091735,0.05176723,0.05823649
2024-09-19,0.052042894,0.053858604,0.051046778,0.051271543,0.049391735,0.052335545,0.051307898,0.051806998,0.05263733,0.05063985,0.048533626,0.054427896,0.05278385,0.05592427,0.05365579,0.058612715,0.050915066,0.051578835,0.057228792
2024-09-20,0.05194636,0.053034652,0.05084549,0.051409326,0.0488586,0.052564785,0.05117021,0.051850427,0.0539499,0.050822616,0.049088553,0.05428761,0.05184618,0.056374677,0.053308748,0.05908722,0.05107716,0.051376775,0.057100702
2024-09-23,0.049358364,0.052463,0.050687026,0.0494684,0.0481505,0.052363083,0.050896827,0.05218305,0.052823458,0.049459968,0.050268553,0.055764407,0.052792836,0.056022003,0.055143945,0.06524384,0.050146736,0.049979437,0.056784667
2024-09-24,0.04683597,0.051093478,0.050595198,0.04818833,0.046808373,0.051927812,0.050048456,0.052798714,0.05395543,0.048886385,0.052294813,0.05774821,0.05182404,0.055888228,0.056396242,0.07051525,0.04953045,0.048571877,0.056092773
2024-09-25,0.04563389,0.04887174,0.050562892,0.047185846,0.045855463,0.052093904,0.049800087,0.053572185,0.054370966,0.04827925,0.053605,0.05941699,0.051722202,0.055165224,0.058524515,0.07279915,0.048685126,0.048371416,0.055484075
2024-09-26,0.047250442,0.04993676,0.05081613,0.04871805,0.046680756,0.05228314,0.05005237,0.05353379,0.05491471,0.04916611,0.05257912,0.058352772,0.051415797,0.055428486,0.057124633,0.06613608,0.049611934,0.049718723,0.056280173
2024-09-27,0.0475242,0.050294597,0.050403517,0.04932487,0.046224512,0.052065507,0.049729764,0.053304892,0.054833703,0.04954146,0.05210738,0.05743144,0.05138759,0.05619234,0.056677416,0.06723432,0.0495335,0.049575407,0.05661364
2024-09-30,0.04919607,0.050762873,0.050196793,0.051201105,0.045804247,0.052108128,0.04930215,0.053114712,0.05532812,0.050651073,0.05124911,0.055413198,0.05093998,0.05808624,0.05512383,0.06561849,0.049784627,0.049460065,0.056659244
2024-10-01,0.04966264,0.051330328,0.050208632,0.051727507,0.046242904,0.05193159,0.049381793,0.052928604,0.055272736,0.050827075,0.05072709,0.055106223,0.05094422,0.0579478,0.054805733,0.06376154,0.04994581,0.049868423,0.05737937
2024-10-02,0.05046751,0.05129802,0.050511383,0.05242113,0.04678965,0.052042387,0.049570527,0.052571334,0.056163628,0.051168628,0.050516427,0.054111376,0.050422456,0.05776048,0.053945683,0.06218465,0.05034609,0.05012897,0.057579678
2024-10-03,0.050903093,0.051769108,0.05065502,0.05262544,0.047289513,0.052035835,0.04984122,0.05240976,0.056246866,0.05121328,0.0501773,0.053846832,0.050476346,0.05724994,0.053580377,0.060631134,0.050690137,0.05055282,0.057805963
2024-10-04,0.051172033,0.051816255,0.0506625,0.052777518,0.047370076,0.05201568,0.04987891,0.05227789,0.056320965,0.05136828,0.05005806,0.05366779,0.050414577,0.057217486,0.05338523,0.060325406,0.05075771,0.050646115,0.05786752
2024-10-07,0.05003391,0.0518791,0.050249655,0.051744267,0.047276642,0.051648878,0.0499647,0.05225798,0.05508226,0.050708394,0.050245028,0.05486604,0.05110767,0.056327965,0.054620672,0.0626546,0.05034666,0.050720844,0.058264777
2024-10-08,0.050465308,0.052162785,0.050696224,0.05192443,0.04767848,0.051714472,0.050253216,0.052362956,0.054906957,0.050624095,0.05008184,0.054730773,0.051155433,0.05601195,0.054420177,0.061588332,0.050711982,0.050821155,0.057689507
2024-10-09,0.050048362,0.051919937,0.050573424,0.05152668,0.047570497,0.051743366,0.050302926,0.052420504,0.05469109,0.05028446,0.050243568,0.05501962,0.051341545,0.055759434,0.05482753,0.06289531,0.050488707,0.05074117,0.05760179
2024-10-10,0.050518785,0.052135695,0.05066316,0.051731948,0.04784279,0.051625088,0.050468847,0.052245475,0.05502629,0.05059825,0.049982697,0.054785214,0.05107949,0.055590812,0.05439809,0.061789002,0.05060476,0.050976954,0.057936642
2024-10-11,0.049531948,0.051910415,0.05088446,0.05079385,0.04760656,0.051385473,0.050423577,0.052434467,0.055081308,0.050033357,0.050864328,0.055801354,0.05116553,0.0550314,0.054975174,0.06336595,0.05070737,0.050517585,0.057485923
2024-10-14,0.04869906,0.051239148,0.050753895,0.050103087,0.047253408,0.051455963,0.05032965,0.05246752,0.054525755,0.049554702,0.051323876,0.05606651,0.051421463,0.05507377,0.055723723,0.06685685,0.050251108,0.04985103,0.057049505
2024-10-15,0.05016336,0.0518323,0.051025778,0.051078912,0.047817845,0.051497914,0.050507553,0.052560575,0.055128973,0.050273295,0.050656643,0.055253394,0.051124137,0.0556428,0.054391008,0.063109666,0.05078596,0.050302837,0.056847036
2024-10-16,0.050052438,0.050902184,0.0510271,0.050993152,0.047286686,0.05180761,0.050224695,0.05286328,0.055532128,0.05039823,0.050887946,0.0550852,0.05083718,0.056363676,0.054512948,0.06487986,0.050384495,0.04973142,0.056229863
2024-10-18,0.049538024,0.050985765,0.051174056,0.050454773,0.047455948,0.051551826,0.050407957,0.052703567,0.055086,0.04989048,0.051140722,0.055603005,0.05110763,0.055552594,0.055034712,0.065760575,0.050436065,0.04974785,0.05636845
2024-10-21,0.05144429,0.052387454,0.051532976,0.051905874,0.048449233,0.05159278,0.05075339,0.052569468,0.05492094,0.050429597,0.04978373,0.05438924,0.0511782,0.055626974,0.053811964,0.06059437,0.05128217,0.050733548,0.05661383
2024-10-22,0.05221664,0.05229976,0.051486675,0.05238669,0.04871217,0.05158858,0.050885007,0.052051175,0.054843847,0.050704326,0.049282644,0.053547483,0.05119435,0.055931795,0.053381223,0.06039895,0.051217865,0.050859977,0.057010815
2024-10-23,0.05216546,0.05261063,0.051635012,0.052351117,0.049014337,0.05160677,0.050938614,0.052226204,0.054599755,0.050627004,0.048995517,0.053926725,0.051355075,0.055419207,0.05348748,0.05933603,0.051339086,0.051273916,0.057092063
2024-10-24,0.05191859,0.05234262,0.051402178,0.052119106,0.048847117,0.05144129,0.051103253,0.051948298,0.054232344,0.050353717,0.049211465,0.054120567,0.05162608,0.055118144,0.05385305,0.06025254,0.051205784,0.05146373,0.057440076
2024-10-25,0.05093297,0.05179781,0.051165693,0.051591683,0.048279893,0.051618155,0.05076911,0.052025538,0.05506318,0.050316874,0.050123256,0.054701913,0.05121676,0.055385083,0.053983957,0.061689757,0.050985985,0.051024668,0.05732769
2024-10-28,0.050779942,0.05115919,0.05076668,0.05188456,0.047278114,0.051932544,0.05014002,0.052237883,0.0564585,0.05082756,0.050576907,0.05454327,0.050482154,0.056402102,0.053752135,0.061672788,0.0508138,0.050699007,0.057592887
2024-10-29,0.05039439,0.05109608,0.050897162,0.051580224,0.047176346,0.05193772,0.050049465,0.052509546,0.056232657,0.05061828,0.05084913,0.05486141,0.050626345,0.056466363,0.054069035,0.06235378,0.050781906,0.050394144,0.057106044
2024-10-30,0.04985307,0.051635664,0.05108855,0.05086558,0.047767922,0.05150411,0.050487533,0.05246238,0.055046275,0.049821246,0.0510119,0.055539366,0.051285066,0.055469077,0.054638997,0.06332945,0.050892238,0.050430566,0.05687097
2024-11-01,0.050391454,0.051723674,0.050916746,0.05132731,0.04778837,0.05150905,0.050604075,0.05225653,0.055217,0.04998634,0.050804954,0.054837085,0.05114764,0.055707984,0.05419604,0.06282559,0.051054414,0.05053168,0.05717401
2024-11-04,0.05007821,0.05202927,0.050791927,0.050964255,0.047781326,0.05094357,0.050562333,0.05217658,0.054983348,0.049825538,0.050835166,0.055646587,0.051348105,0.055161387,0.05454807,0.06277739,0.05105318,0.050675318,0.057818405
2024-11-05,0.051142115,0.05267889,0.050902184,0.051754393,0.04832254,0.050959773,0.0507487,0.051861256,0.054985143,0.050238766,0.05006492,0.05471989,0.051337115,0.05524961,0.05376364,0.06055937,0.05124689,0.05114936,0.058315456
2024-11-06,0.051796135,0.053252537,0.05116783,0.051281467,0.04941169,0.05107417,0.05149743,0.051360257,0.054650594,0.050280213,0.049841296,0.054273926,0.05173495,0.05482706,0.05332205,0.059444807,0.051756904,0.051358644,0.05766807
2024-11-07,0.052231327,0.05297172,0.051494244,0.051575806,0.049460158,0.05156833,0.051403683,0.05166249,0.054212075,0.05025716,0.049457476,0.054127377,0.052098997,0.055045396,0.053494353,0.05837087,0.05151458,0.051788803,0.057265144
2024-11-08,0.052630503,0.052832395,0.051498514,0.052116882,0.04922316,0.05187658,0.051211037,0.05199829,0.054197308,0.050493132,0.04921009,0.053842783,0.05206016,0.05568794,0.0534502,0.057420522,0.051177144,0.05189981,0.057173528
2024-11-11,0.052152764,0.052604757,0.05108814,0.051459044,0.048965953,0.051461462,0.051285286,0.051737197,0.053731263,0.05011694,0.049306173,0.05421565,0.05248433,0.05533712,0.05408747,0.059550826,0.050908152,0.05154406,0.057963412
2024-11-12,0.05240652,0.05282107,0.05081351,0.051525638,0.049036328,0.05124227,0.0512961,0.051451407,0.053466365,0.05022501,0.04889669,0.054097213,0.052676592,0.055312406,0.054189034,0.05932766,0.050794154,0.05154286,0.058879144
2024-11-13,0.052211,0.05220119,0.051635712,0.051510353,0.049167145,0.052441016,0.05131755,0.052246917,0.053661127,0.050102565,0.049432885,0.0547635,0.05232283,0.055135358,0.054249015,0.057654068,0.050942652,0.05218721,0.056817904
2024-11-14,0.050893202,0.05153484,0.05172076,0.05080293,0.0484278,0.052553814,0.050996453,0.052643653,0.054144673,0.04976532,0.050531533,0.055444647,0.05197594,0.055591688,0.05461374,0.060764793,0.050622545,0.0511131,0.05585848
2024-11-18,0.050678585,0.051324613,0.05147567,0.050840415,0.04799213,0.052461468,0.050806727,0.05273657,0.05420999,0.049762476,0.050710674,0.055437963,0.051904827,0.055996954,0.054945435,0.061599534,0.05024677,0.05076009,0.05610913
2024-11-19,0.052006025,0.05159948,0.051467493,0.052006952,0.048119523,0.052652065,0.050764017,0.052573033,0.05445094,0.050294552,0.049978927,0.05415033,0.051792625,0.056603152,0.054159705,0.05932611,0.05036969,0.051194105,0.056491226
2024-11-20,0.050386097,0.05115087,0.051498994,0.050583526,0.047561705,0.052485734,0.050572954,0.052837495,0.0543584,0.049858768,0.05080155,0.05531875,0.051859893,0.056566894,0.05492563,0.063306265,0.05001342,0.050172005,0.05574102
2024-11-21,0.050464317,0.050966825,0.051536474,0.050657604,0.047357265,0.05261228,0.05047102,0.05281306,0.05495326,0.050019708,0.050983563,0.05497442,0.051616766,0.057327833,0.0545159,0.063607775,0.049908943,0.049683686,0.055529304
2024-11-22,0.052296046,0.05115013,0.051463924,0.051959567,0.048011974,0.05280353,0.050743096,0.052597597,0.05501284,0.050526556,0.049927317,0.05378522,0.05151304,0.05711664,0.05382172,0.059708796,0.05047907,0.050918322,0.05616461
2024-11-25,0.052618265,0.051549092,0.051552646,0.052287426,0.048315316,0.052743625,0.050776985,0.052398857,0.0550448,0.05064485,0.04980168,0.05344626,0.05146712,0.05708507,0.053496655,0.05882032,0.050581224,0.051010646,0.056359183
2024-11-26,0.05275996,0.05166861,0.051574193,0.05227004,0.048498135,0.05274377,0.050943624,0.052430194,0.05472487,0.05064504,0.049506076,0.053442407,0.051701747,0.056892138,0.053580754,0.0583095,0.0506261,0.051237844,0.056445044
2024-11-27,0.05218447,0.051558048,0.05162589,0.05195331,0.048402417,0.05277951,0.050864585,0.052503448,0.055073187,0.050379027,0.049982604,0.053788,0.051520497,0.05686326,0.053634655,0.059073657,0.05063243,0.050913095,0.05626789
2024-11-28,0.051452044,0.051435605,0.051529955,0.051279195,0.04813345,0.0526021,0.050773367,0.052644234,0.05481777,0.05026066,0.050238807,0.054479912,0.051709116,0.056619976,0.05412024,0.060631298,0.05042222,0.050630447,0.05621962
2024-11-29,0.051101528,0.051122535,0.05191445,0.050826572,0.048247878,0.05279418,0.05086972,0.05281297,0.054634076,0.050026435,0.05027519,0.05523064,0.051751178,0.05588982,0.0544913,0.061061855,0.05037607,0.050944656,0.0556289
2024-12-02,0.051337555,0.050743498,0.051711842,0.051112663,0.047837507,0.0529639,0.050691243,0.052938696,0.054779574,0.050283626,0.050159976,0.05496931,0.051672105,0.056484267,0.054530494,0.06124003,0.050077517,0.05080574,0.055660408
2024-12-03,0.05122869,0.050389364,0.05153454,0.051055618,0.04782887,0.053056825,0.050761186,0.053043693,0.054946657,0.050288595,0.050282624,0.055392522,0.05148545,0.056218993,0.054824743,0.060556915,0.05012515,0.05118472,0.05579477
2024-12-04,0.050205097,0.049841978,0.051633112,0.050308704,0.04752155,0.053026106,0.05065512,0.05314034,0.054806843,0.049779095,0.05075968,0.056329846,0.051537946,0.05572822,0.055612676,0.06255048,0.049900208,0.05101719,0.05564571
2024-12-05,0.049305256,0.049909838,0.051681492,0.04936732,0.047523838,0.05268323,0.050802078,0.053322893,0.054469757,0.049390327,0.051084276,0.057640728,0.0518045,0.054828256,0.056322854,0.06351975,0.049866017,0.051030464,0.055447157
2024-12-06,0.049806923,0.050431877,0.051880017,0.04957274,0.047958743,0.05260355,0.050972138,0.053225078,0.05411905,0.049552623,0.05051393,0.057873674,0.052060742,0.05430597,0.05626536,0.061457273,0.050017923,0.05166504,0.055717226
2024-12-09,0.050168015,0.050371926,0.05211148,0.049947858,0.048065506,0.05278769,0.051085122,0.05317391,0.053940065,0.049333423,0.050341718,0.057220925,0.052074526,0.054621432,0.055967692,0.061693877,0.050243497,0.05150403,0.0553473
2024-12-10,0.049422953,0.049787622,0.051922116,0.049456388,0.047622077,0.053112168,0.05101513,0.053329322,0.054042608,0.048999514,0.05083442,0.057684448,0.05203685,0.054647002,0.056477115,0.063221425,0.04999142,0.051308222,0.055089206
2024-12-11,0.049514107,0.050053086,0.05169854,0.049644303,0.047529552,0.052854974,0.050909415,0.053197008,0.054004285,0.049220838,0.05067083,0.05760303,0.05201055,0.05465822,0.056429975,0.06306407,0.049910873,0.05143642,0.05558997
2024-12-12,0.049807925,0.05016185,0.05150776,0.05028749,0.04711242,0.05286112,0.05065593,0.05329817,0.05422507,0.049445268,0.050575003,0.056692395,0.051749818,0.055761266,0.0558389,0.063838996,0.049798038,0.050888874,0.05549372
2024-12-13,0.048474565,0.049474776,0.051346842,0.048985157,0.047003616,0.05291089,0.050540414,0.053499646,0.054389317,0.049099755,0.05133769,0.058057353,0.05185753,0.05513619,0.05687512,0.06566599,0.04927695,0.050670635,0.05539766
2024-12-16,0.04916476,0.050109368,0.051439326,0.049708597,0.04711008,0.052792277,0.050627913,0.05346888,0.05446356,0.04933928,0.051037863,0.057397816,0.051659998,0.05529782,0.056188866,0.063961715,0.049792957,0.05091142,0.055527482
2024-12-17,0.04966786,0.050446723,0.05158275,0.050135154,0.04727205,0.05276466,0.050742034,0.05344651,0.05405313,0.049398907,0.05061772,0.05706105,0.05182534,0.055327963,0.05605706,0.06310997,0.049983352,0.051064644,0.055443197
2024-12-18,0.05005001,0.051014666,0.051453553,0.0506733,0.047393315,0.052216154,0.050663237,0.052982822,0.05400796,0.04967291,0.05026927,0.05648322,0.051678497,0.05541487,0.05557797,0.0627264,0.05021664,0.051152013,0.056353223
2024-12-19,0.05018755,0.05102518,0.051409796,0.050737806,0.04729795,0.052312296,0.05064072,0.05298702,0.054148745,0.04975828,0.05024722,0.056219295,0.051581584,0.055609815,0.05539489,0.062875256,0.05026371,0.05108819,0.056214653
2024-12-20,0.05046862,0.05118564,0.051452704,0.05093668,0.04742779,0.052275814,0.050680276,0.053050727,0.05412264,0.04983898,0.050035805,0.05598607,0.051632352,0.055752825,0.055238143,0.062322553,0.050292835,0.051069774,0.05622974
2024-12-23,0.051193748,0.050985646,0.051426295,0.051398918,0.047467235,0.052639864,0.05074946,0.0530868,0.054043453,0.05003932,0.049587343,0.055318974,0.051684737,0.056130804,0.0550243,0.061679717,0.050285395,0.05124527,0.05601273
2024-12-24,0.05082791,0.051064547,0.0513596,0.051126692,0.047465757,0.05241472,0.050783474,0.052963592,0.05393064,0.049927473,0.04971006,0.055543453,0.051617105,0.055836417,0.05524731,0.06253984,0.05028941,0.051165704,0.056186296
2024-12-26,0.05044094,0.050740972,0.050855905,0.050749473,0.047115922,0.05204945,0.050715256,0.052485723,0.05320193,0.049675304,0.049777072,0.055976346,0.051944707,0.05542646,0.05609362,0.06474544,0.04993653,0.05114982,0.056919158
2024-12-27,0.050958898,0.05066718,0.05124734,0.051165532,0.047317535,0.05238797,0.050829016,0.052748468,0.053673115,0.049929556,0.049602427,0.055307344,0.051661097,0.055817842,0.05549418,0.06362379,0.05019948,0.051111627,0.056257542
