Date,ASIR_Return,BPPL_Return,CARG_Return,CIC_Return,CINS_Return,COMB_Return,CTC_Return,DIAL_Return,GEST_Return,JKH_Return,LIOC_Return,LOLC_Return,OSEA_Return,PALM_Return,SINS_Return,TAP_Return,TJL_Return,TYRE_Return,VLL_Return
2024-02-16,0.015342081,0.030150928,0.0697386,0.035926808,0.030058185,0.07720413,0.029283712,0.034749556,0.04076102,0.113363504,0.046139512,0.052822106,0.113363504,0.038244452,0.031581312,0.08454976,0.074279405,0.030006852,0.052434485
2024-02-19,0.015099237,0.041474365,0.06605381,0.031524938,0.01990684,0.07687798,0.042982634,0.039002582,0.028124629,0.11156911,0.020722473,0.040876906,0.08547117,0.053694356,0.06529428,0.076685436,0.09439388,0.044717405,0.045527954
2024-02-20,0.015995175,0.039065707,0.07363714,0.032075062,0.019430319,0.09227407,0.040636323,0.037109703,0.019877365,0.11818924,0.015995175,0.044602137,0.06118812,0.037370134,0.07253702,0.086087696,0.09475641,0.06311901,0.0360542
2024-02-21,0.015780866,0.041216433,0.070309594,0.037030272,0.020799847,0.080559775,0.034655977,0.03161327,0.029867569,0.11660571,0.020447876,0.041800372,0.08763929,0.04299895,0.07219178,0.083895005,0.07991339,0.044699606,0.047974434
2024-02-22,0.016035514,0.049725085,0.055826552,0.038553294,0.02177314,0.07703951,0.04080926,0.03477048,0.03298608,0.11848731,0.028688207,0.038754046,0.11848731,0.04188605,0.054608863,0.081285395,0.06747662,0.037153006,0.04565431
2024-02-26,0.015130709,0.03222416,0.058997054,0.036385998,0.019884454,0.072435826,0.03373282,0.02661689,0.041691657,0.111801654,0.032390468,0.032211777,0.111801654,0.054847278,0.07756004,0.08164594,0.066494234,0.043846734,0.05030056
2024-02-27,0.016332956,0.03535761,0.05317806,0.036591426,0.023077872,0.06828832,0.030939184,0.02856552,0.032152172,0.12068513,0.027598528,0.037290484,0.09779663,0.04667153,0.08057622,0.07243135,0.078165784,0.05646184,0.057839476
2024-02-28,0.013917644,0.035856653,0.037741687,0.04014347,0.01714628,0.052429177,0.030239375,0.026266405,0.04996346,0.10283825,0.026066294,0.02886573,0.10283825,0.09965805,0.0967421,0.03848919,0.096368425,0.051755063,0.052674603
2024-02-29,0.015205461,0.027541751,0.05003454,0.060399193,0.018749192,0.039356917,0.028709456,0.04238021,0.08010692,0.110885985,0.056128617,0.037603207,0.110885985,0.051158514,0.06360656,0.058633324,0.06319942,0.03400556,0.05140932
2024-03-01,0.013609904,0.03597176,0.040225312,0.03203241,0.015484253,0.040391654,0.03787277,0.047302697,0.0705652,0.100564346,0.04519543,0.034841806,0.08725233,0.09192258,0.056819055,0.055251364,0.073638104,0.060638137,0.06042082
2024-03-04,0.01386847,0.045438934,0.05919773,0.03137422,0.01386847,0.059186243,0.05741896,0.08573041,0.030406537,0.102474906,0.049742855,0.05575734,0.0369084,0.04613258,0.030970307,0.08853564,0.058005985,0.08551892,0.04946298
2024-03-05,0.014417064,0.043012083,0.06598714,0.028103799,0.015032033,0.05624962,0.04847167,0.055129565,0.036437966,0.1065285,0.050714377,0.05374416,0.042035986,0.048158176,0.032497484,0.101348475,0.071184285,0.06301078,0.06793675
2024-03-06,0.015661357,0.045628875,0.058780637,0.02722063,0.018236214,0.050933328,0.044853177,0.046296433,0.041362755,0.11572265,0.06776538,0.054078355,0.048384096,0.034260944,0.026720727,0.11572265,0.06293166,0.042824753,0.082615376
2024-03-07,0.014945917,0.046686765,0.06317845,0.02294172,0.02094656,0.054384302,0.04267227,0.04233407,0.03678208,0.110436216,0.04018465,0.07604689,0.032125603,0.03916728,0.041324686,0.10771723,0.062052798,0.060367055,0.085705385
2024-03-11,0.015892271,0.04012888,0.06888459,0.027961006,0.02025837,0.054334752,0.04872914,0.04767916,0.03741946,0.11742888,0.0534787,0.070322715,0.047190104,0.027912866,0.033918403,0.11742888,0.05196744,0.04230188,0.07676243
2024-03-12,0.016201159,0.04001914,0.057778183,0.02695857,0.019300355,0.051894188,0.04616455,0.058356255,0.04170785,0.11971128,0.06454937,0.04999842,0.062140644,0.03671645,0.02282349,0.11971128,0.050658602,0.03445667,0.08085349
2024-03-13,0.017158825,0.043907605,0.058383312,0.029480167,0.019485904,0.05507416,0.043015193,0.066043645,0.04060694,0.116544925,0.0588868,0.048027012,0.06127446,0.039765395,0.022160983,0.12678753,0.044127155,0.034915477,0.07435455
2024-03-14,0.016438851,0.033825085,0.059972703,0.037701026,0.018432438,0.051963862,0.03906581,0.06341655,0.0529004,0.11243079,0.07495664,0.03974524,0.0740946,0.04181768,0.019520156,0.12146759,0.04387088,0.030403756,0.067975976
2024-03-15,0.015150694,0.026553493,0.07239315,0.04640441,0.017322429,0.04839702,0.040990334,0.056632556,0.07464675,0.11194933,0.05797458,0.038138293,0.06450288,0.04722819,0.032802813,0.10985426,0.043432854,0.036981266,0.05864475
2024-03-18,0.015967742,0.030310059,0.052109145,0.042293854,0.018783767,0.0487834,0.044951763,0.06158013,0.06464846,0.11798654,0.07387153,0.034256183,0.08924607,0.03207976,0.035217892,0.11667484,0.03294384,0.038084235,0.0502108
2024-03-19,0.016129466,0.024269614,0.049858313,0.04500256,0.024001593,0.036165304,0.034485165,0.05103424,0.07767701,0.11918153,0.09257444,0.04125519,0.089287765,0.029912814,0.033991303,0.110550486,0.03297387,0.032278035,0.059371233
2024-03-20,0.015785407,0.020839354,0.047121555,0.045967087,0.026879445,0.034784727,0.03315279,0.047238927,0.08885683,0.116639264,0.10353719,0.045786772,0.090606995,0.028192386,0.034317873,0.094540924,0.033232495,0.033149213,0.059370775
2024-03-21,0.016092869,0.021052625,0.04660746,0.036753975,0.031620763,0.035405293,0.030983742,0.050226793,0.09181761,0.11891111,0.10993733,0.054616388,0.073449485,0.030785607,0.030089786,0.09208175,0.036026996,0.03284452,0.06069586
2024-03-22,0.017130531,0.024708603,0.036218803,0.030547138,0.03536129,0.03587767,0.02677729,0.05005724,0.07424498,0.12657847,0.1230908,0.06151932,0.07517195,0.02652609,0.023391955,0.086894624,0.03747536,0.028513648,0.07991421
2024-03-25,0.020340238,0.026225334,0.031150814,0.034053057,0.03480097,0.037803385,0.031081995,0.05434489,0.07802682,0.122614525,0.12905073,0.050613355,0.0848773,0.023004945,0.022271503,0.07840563,0.03296214,0.026567398,0.081804976
2024-03-26,0.016333943,0.024615113,0.034537505,0.03720355,0.033486146,0.042281713,0.03342499,0.07036414,0.08037157,0.120692424,0.120692424,0.058356643,0.09021914,0.018889036,0.017265262,0.07594987,0.028796755,0.03105281,0.06546688
2024-03-27,0.017960636,0.024494907,0.035396762,0.040439278,0.0340267,0.04185682,0.03704371,0.062569775,0.080225796,0.1025667,0.1289639,0.052746434,0.09987296,0.017453367,0.017626325,0.08223526,0.028486507,0.030159147,0.065874994
2024-03-28,0.024732718,0.024356144,0.032225527,0.05394428,0.03234299,0.043682817,0.041198988,0.070418715,0.0924595,0.08091496,0.12888192,0.041014344,0.11876121,0.01744227,0.01744227,0.06650886,0.027601622,0.024404023,0.061666824
2024-04-01,0.031624928,0.029910294,0.023540745,0.05140324,0.038080458,0.04149811,0.0369301,0.063877285,0.09762218,0.059509344,0.1332102,0.043615934,0.124471396,0.01802804,0.01802804,0.07306668,0.024221182,0.01802804,0.07333379
2024-04-02,0.043573,0.031831883,0.02376741,0.060963977,0.03833422,0.042974822,0.03541596,0.0578972,0.09550837,0.048967622,0.13196793,0.03776822,0.11731697,0.017859919,0.017859919,0.07406999,0.025952125,0.017859919,0.080110565
2024-04-03,0.055535324,0.031381577,0.025038872,0.07181151,0.03327219,0.040945113,0.03842168,0.059728332,0.10077048,0.046687618,0.12862985,0.028258743,0.11961821,0.019956999,0.017408157,0.06094187,0.030220026,0.017408157,0.07396526
2024-04-04,0.058569714,0.029129772,0.033022717,0.076516144,0.0351387,0.04341055,0.042005368,0.05748127,0.093286075,0.049471144,0.12913954,0.025031323,0.105210446,0.0205573,0.017477138,0.069747396,0.028206069,0.017477138,0.06912213
2024-04-05,0.054277908,0.026571954,0.042050086,0.06969544,0.040059384,0.040793188,0.042100955,0.049182825,0.09487811,0.063597165,0.11320148,0.026744904,0.09776218,0.018051472,0.021384317,0.084824525,0.028060853,0.018051472,0.0687118
2024-04-08,0.040027823,0.034320083,0.040482074,0.045725036,0.047052465,0.05392485,0.0462305,0.032569163,0.06872534,0.08038877,0.09061912,0.030935481,0.06656605,0.022655908,0.025581101,0.10294866,0.034716982,0.019947197,0.11658342
2024-04-09,0.04355452,0.0424151,0.026834149,0.046384037,0.04142532,0.050759483,0.035956267,0.04092156,0.065472186,0.061915945,0.12331888,0.030454304,0.09809037,0.0198935,0.020864949,0.09311444,0.03452596,0.0198935,0.10420561
2024-04-10,0.04677675,0.034070235,0.028000413,0.071569294,0.034524836,0.045930862,0.034157507,0.04568086,0.08159678,0.05610604,0.1389196,0.02833384,0.10851917,0.018800724,0.019759376,0.08364179,0.03236624,0.018800724,0.072444916
2024-04-15,0.038119607,0.03697308,0.028059134,0.05725441,0.033180546,0.043442823,0.02920965,0.05326524,0.06798846,0.06211256,0.1415269,0.037375238,0.093134105,0.019153582,0.019395139,0.09019363,0.03515792,0.019153582,0.09530437
2024-04-16,0.052885756,0.046456356,0.024063027,0.030851495,0.036429264,0.044783715,0.037893027,0.050746996,0.05618113,0.06569139,0.1428906,0.024565995,0.07793778,0.024849625,0.02464498,0.10819941,0.036615063,0.019338138,0.094976224
2024-04-17,0.050198894,0.04383189,0.027811868,0.043518983,0.045312475,0.049456585,0.024268791,0.049620673,0.058945343,0.054902047,0.14820881,0.038771156,0.07628759,0.020994328,0.020994328,0.098599926,0.0370885,0.020994328,0.09019351
2024-04-18,0.053426094,0.04381917,0.028895952,0.047326233,0.050422214,0.046316218,0.021075979,0.05068867,0.06098268,0.04590847,0.1445829,0.046599355,0.08293171,0.021947587,0.021075979,0.08923153,0.038461484,0.021075979,0.08523172
2024-04-19,0.052308578,0.046134647,0.023579208,0.04035966,0.049806938,0.0414802,0.019927409,0.04564032,0.06217837,0.04990751,0.14384583,0.046756696,0.09374857,0.023283545,0.019927409,0.07845942,0.038582973,0.019927409,0.10414528
2024-04-22,0.052385785,0.041574754,0.025773501,0.045900263,0.04805465,0.040617295,0.019545035,0.051894758,0.06634215,0.04650877,0.14441936,0.04954726,0.101506494,0.019957105,0.019545035,0.08061041,0.035800744,0.019545035,0.090471596
2024-04-24,0.0324294,0.041962612,0.030576015,0.044386003,0.0427841,0.040580366,0.02068797,0.048026044,0.06510077,0.057172425,0.13808747,0.059214827,0.110024355,0.021850975,0.019494241,0.07694425,0.034793578,0.019494241,0.09639043
2024-04-25,0.043029077,0.03523294,0.044536095,0.03632228,0.04238509,0.03919091,0.019224025,0.06069606,0.06172293,0.05032565,0.07811141,0.08959725,0.048804898,0.051675566,0.021615585,0.052951798,0.05118827,0.031342737,0.1420474
2024-04-26,0.044758514,0.03340597,0.047375318,0.03572441,0.04542736,0.038337566,0.018948674,0.05307448,0.06707962,0.051326316,0.07918661,0.08529313,0.055299915,0.049186897,0.02130116,0.05838967,0.04764351,0.028228153,0.14001283
2024-04-29,0.04779005,0.031827167,0.045583986,0.03761556,0.046497837,0.038450085,0.018874072,0.050383575,0.07075233,0.046737123,0.0787049,0.09589635,0.050014377,0.0491638,0.022099927,0.055284243,0.047386277,0.027476722,0.13946158
2024-04-30,0.028894627,0.03420077,0.04722576,0.035425134,0.036497243,0.035764262,0.017698323,0.049995385,0.07651358,0.05499515,0.07831372,0.09479527,0.056522395,0.055208355,0.026557531,0.051706463,0.053130824,0.035781305,0.1307739
2024-05-02,0.041215383,0.038158987,0.039511126,0.03695445,0.04810203,0.03787943,0.019125167,0.04437872,0.070808806,0.05143536,0.0894658,0.077608965,0.07494814,0.03982022,0.020322759,0.065097265,0.040750347,0.0231001,0.14131694
2024-05-03,0.038767762,0.032006424,0.042394612,0.03791588,0.047210928,0.035096787,0.017923566,0.04792473,0.08073289,0.054128148,0.0924806,0.08325444,0.07638678,0.040902022,0.017923566,0.062322654,0.043840643,0.019682005,0.12910555
2024-05-06,0.04320839,0.035177663,0.035914626,0.0319951,0.052976273,0.03398667,0.018196132,0.043176245,0.078133725,0.05226561,0.10031671,0.08148801,0.075959094,0.037351318,0.018196132,0.07095872,0.03667401,0.019573247,0.13445224
2024-05-07,0.036918342,0.03893508,0.035445996,0.036856733,0.047647294,0.03176678,0.018915147,0.04284069,0.075188346,0.06041054,0.11365805,0.066206805,0.08913993,0.032848045,0.018915147,0.07919676,0.038726132,0.018915147,0.117469
2024-05-08,0.03081349,0.04452311,0.03402129,0.045125637,0.040237974,0.03486507,0.01857317,0.04567611,0.07070452,0.06171386,0.1223252,0.053369798,0.1158014,0.025441866,0.01857317,0.085072935,0.035107464,0.01857317,0.0994808
2024-05-09,0.02795136,0.039297856,0.039108578,0.033987608,0.040433384,0.033896375,0.018202526,0.05084512,0.07949631,0.07162897,0.09817463,0.07632263,0.07338747,0.0388373,0.018202526,0.076559134,0.043412104,0.021755535,0.11850049
2024-05-10,0.02667085,0.049420074,0.03606901,0.036080226,0.033880316,0.036152504,0.019554583,0.04910262,0.061260175,0.083242625,0.0864015,0.050960895,0.07093651,0.03834845,0.02018072,0.09597881,0.0432226,0.02363919,0.13889831
2024-05-13,0.027304975,0.053503353,0.031528566,0.03355027,0.035191786,0.036631923,0.019901022,0.043950815,0.060848612,0.08145831,0.09963902,0.045052223,0.082408644,0.032089904,0.01997751,0.11078045,0.038810864,0.020470891,0.12690094
2024-05-14,0.023136541,0.037653808,0.03456951,0.026293822,0.040610153,0.03059547,0.01857189,0.049147256,0.086945914,0.09696559,0.1083925,0.076822184,0.064902164,0.03514577,0.01857189,0.09884179,0.04280501,0.020443846,0.08958498
2024-05-15,0.03406132,0.037063885,0.033849627,0.029631851,0.04796256,0.030252088,0.019062871,0.046354935,0.087204464,0.07815902,0.11754686,0.06682773,0.06817872,0.036101926,0.019062871,0.08861886,0.046824962,0.019062871,0.094172545
2024-05-16,0.029893087,0.03651332,0.036970183,0.023686951,0.047323845,0.02933142,0.018779658,0.04699433,0.08295682,0.09778025,0.107658274,0.0735988,0.057001427,0.038336527,0.018779658,0.09904489,0.044779245,0.018779658,0.09179172
2024-05-17,0.030600177,0.04135509,0.03684128,0.027933622,0.043575507,0.029057631,0.018862069,0.04493721,0.08273667,0.08786139,0.10463948,0.06448972,0.06458331,0.03872474,0.018862069,0.09420004,0.046347678,0.018862069,0.1055303
2024-05-20,0.031064313,0.04492992,0.025791641,0.017580228,0.040596355,0.026350785,0.020060811,0.039082505,0.07986741,0.09178912,0.11281547,0.045481898,0.085487165,0.03957018,0.020074679,0.11593185,0.030790318,0.030473424,0.10226189
2024-05-21,0.037981957,0.062187705,0.02841992,0.01982429,0.03771707,0.028532384,0.019721122,0.041520637,0.07013021,0.08593744,0.087342836,0.032265954,0.07681522,0.052843813,0.024868667,0.114090584,0.036883093,0.02683357,0.11608361
2024-05-22,0.031189792,0.07217759,0.040788803,0.036369883,0.034050014,0.031932395,0.018731855,0.037947115,0.06875374,0.069366746,0.071804896,0.039475612,0.07594321,0.045531705,0.024605386,0.1034615,0.048934426,0.020226805,0.12870851
2024-05-27,0.040613066,0.057297513,0.04638404,0.051486503,0.03546867,0.032568265,0.019985283,0.047002546,0.07470043,0.06302732,0.08266625,0.040953208,0.079702474,0.043840673,0.02463297,0.10596796,0.041975547,0.019985283,0.09174203
2024-05-28,0.047594868,0.07361613,0.035315853,0.04958386,0.034534838,0.034368496,0.02082643,0.05837536,0.068123266,0.059956517,0.07810134,0.029079951,0.063959636,0.061345536,0.036869355,0.104104795,0.04458843,0.02082643,0.0788289
2024-05-29,0.037711114,0.074167505,0.02186941,0.032297492,0.03644412,0.025617229,0.020777645,0.056109276,0.07687311,0.061192654,0.12951873,0.030409843,0.0783327,0.041876163,0.043679044,0.10420861,0.037439927,0.024768155,0.06670723
2024-05-30,0.03789069,0.07582181,0.02632005,0.02582557,0.02712036,0.02388416,0.019122502,0.053476132,0.06802232,0.066887245,0.11375774,0.019657152,0.09087876,0.05315898,0.041638438,0.13628198,0.02842949,0.02170545,0.07012111
2024-05-31,0.042839386,0.07015532,0.028872212,0.038948867,0.033430327,0.027503757,0.020414423,0.037173036,0.064537756,0.057673115,0.09901037,0.023070738,0.06894084,0.05496838,0.055173334,0.1210621,0.03897662,0.02180681,0.095442645
2024-06-03,0.051327433,0.0627248,0.022409316,0.037839893,0.036545947,0.025733314,0.02047842,0.048785705,0.07444815,0.053506404,0.14145885,0.02627635,0.076348014,0.03877985,0.043247677,0.13525437,0.02580659,0.02047842,0.05855046
2024-06-04,0.041388962,0.05016319,0.031797945,0.036677197,0.037031066,0.026517719,0.019997112,0.041048482,0.07393037,0.066260874,0.13433406,0.030371219,0.07420268,0.03661595,0.05094618,0.1302456,0.029262327,0.021633033,0.06757611
2024-06-05,0.04935117,0.041743312,0.0316395,0.05269891,0.03295048,0.024437413,0.018710699,0.043422073,0.08335739,0.055312864,0.13825442,0.024479723,0.10594281,0.03183524,0.038547013,0.11564759,0.024008725,0.018710699,0.06894996
2024-06-06,0.040303312,0.042803846,0.034025375,0.052932568,0.033654127,0.026497899,0.018678866,0.045414656,0.07983102,0.061524507,0.13801919,0.029069595,0.120978884,0.030747626,0.03267719,0.09943434,0.02700838,0.018678866,0.067719765
2024-06-07,0.044402342,0.045212135,0.03867085,0.06918032,0.032074302,0.026397077,0.019022366,0.04542668,0.0706682,0.052217007,0.12305407,0.02667852,0.09966799,0.040265173,0.03562234,0.09549426,0.029555043,0.019022366,0.08736898
2024-06-10,0.03971266,0.03426985,0.049210675,0.070071116,0.034197073,0.02652812,0.019037599,0.04491945,0.07695773,0.06307123,0.12659013,0.031130955,0.09245156,0.033329617,0.033108898,0.09553701,0.028264172,0.019037599,0.08257448
2024-06-11,0.030851064,0.027573448,0.059863444,0.05572091,0.027533934,0.02315289,0.02025338,0.041112993,0.07995416,0.075758144,0.12193191,0.031097334,0.09975991,0.03803577,0.041442346,0.10208828,0.028083198,0.023503708,0.07228326
2024-06-12,0.044751514,0.034810282,0.030508116,0.06802213,0.026340215,0.020669479,0.017632462,0.037501093,0.0822312,0.05824837,0.12172332,0.030747648,0.12172332,0.04012473,0.05218721,0.0736197,0.02755523,0.018198889,0.09340503
2024-06-13,0.048358675,0.031461194,0.039654553,0.053254742,0.021017028,0.015925612,0.015913356,0.038848527,0.070214495,0.058026936,0.09763985,0.037341386,0.073833175,0.08100358,0.07404698,0.07577779,0.029685158,0.030603219,0.10739378
2024-06-14,0.05666023,0.055949636,0.035643604,0.04130197,0.030783296,0.02460718,0.01678321,0.072788514,0.06436342,0.05137319,0.09348559,0.039847285,0.047772143,0.07717962,0.029587269,0.08163387,0.033031262,0.03264892,0.11455977
2024-06-18,0.054840755,0.043709025,0.037868463,0.027172739,0.037319113,0.025917461,0.016510682,0.07236867,0.056991875,0.048479218,0.073587716,0.07070716,0.045676686,0.097722135,0.02336637,0.07437322,0.044423126,0.029735688,0.11922999
2024-06-19,0.07226199,0.04480798,0.030612903,0.03143949,0.03948623,0.026578413,0.01662715,0.058079965,0.0759907,0.046114646,0.09539899,0.070861176,0.0468698,0.068026915,0.022284843,0.09596911,0.033025652,0.01662715,0.108936906
2024-06-20,0.060052942,0.054854345,0.03739573,0.026902234,0.032852206,0.023442822,0.015562492,0.055420965,0.059822015,0.05600983,0.07533224,0.03860648,0.055144977,0.10577082,0.026134206,0.1075222,0.034108926,0.02007247,0.114992134
2024-06-24,0.062467735,0.057097085,0.046743296,0.03717584,0.02930281,0.022149729,0.01651476,0.054063793,0.043990403,0.063139915,0.08419593,0.022743033,0.0799525,0.08062953,0.038680807,0.122028485,0.02485842,0.023231836,0.09103403
2024-06-25,0.05772587,0.060425583,0.030677142,0.026540875,0.03619283,0.022506198,0.016364109,0.045542493,0.04232034,0.055125542,0.10126429,0.030827688,0.08567722,0.08387007,0.036262475,0.12091532,0.028518187,0.023303285,0.09594047
2024-06-26,0.06738387,0.044224262,0.04358977,0.042888068,0.033985183,0.027459038,0.0158375,0.04971134,0.054059897,0.052364103,0.085347526,0.03478161,0.08286218,0.094092645,0.029459978,0.097565874,0.035793543,0.0158375,0.09275616
2024-06-27,0.054933626,0.034804497,0.04861141,0.028504321,0.03684277,0.022017328,0.014856773,0.049782317,0.045041613,0.061702523,0.073340096,0.056213643,0.06518147,0.10977753,0.030773325,0.09175695,0.041811977,0.034062155,0.099985674
2024-06-28,0.07072588,0.0413979,0.03213174,0.03228897,0.03992039,0.024887595,0.01591578,0.05044056,0.059680443,0.06041377,0.085809395,0.049976975,0.06533189,0.09853829,0.031062867,0.09207194,0.03765207,0.020537846,0.09121578
2024-07-01,0.069784954,0.029160215,0.044743408,0.03668429,0.03514298,0.025084432,0.014378801,0.059518293,0.058193736,0.05072597,0.10452375,0.045091495,0.09828655,0.1007213,0.018949408,0.08216913,0.03231253,0.015953533,0.07857522
2024-07-02,0.06979773,0.037139248,0.034225676,0.038902372,0.030345082,0.025853058,0.014639657,0.061638623,0.055058803,0.039672095,0.084767304,0.049244665,0.09025848,0.10817325,0.018979391,0.07263705,0.04559333,0.014900918,0.10817325
2024-07-03,0.07306417,0.028808866,0.034544647,0.03870109,0.035566736,0.026393026,0.014553409,0.06359673,0.05272713,0.047368787,0.10753596,0.054340795,0.10143014,0.104680255,0.015906066,0.07341216,0.03985962,0.0152047835,0.07230557
2024-07-04,0.08235798,0.027336344,0.040393446,0.03148185,0.033432342,0.026723519,0.014682447,0.055745166,0.049732603,0.057030626,0.08717107,0.04853925,0.08226819,0.108489424,0.01646077,0.08312303,0.05193077,0.02042142,0.08267981
2024-07-05,0.07893017,0.031598184,0.038885903,0.027116995,0.0337901,0.024302034,0.014537007,0.05319513,0.04639529,0.06078431,0.080773994,0.046254303,0.08073317,0.10741476,0.018406428,0.09094302,0.04958913,0.02355539,0.09279476
2024-07-08,0.07793976,0.023328679,0.03729988,0.031201595,0.040776078,0.024891673,0.014876049,0.04510792,0.065392904,0.06519711,0.089747794,0.049102798,0.090556115,0.109919965,0.018144026,0.07321042,0.049402222,0.01866862,0.07523637
2024-07-09,0.07292137,0.021531964,0.02313354,0.022544011,0.0449637,0.025973652,0.015262631,0.04314083,0.07068044,0.06542606,0.112776436,0.060509495,0.09452369,0.09607755,0.017602945,0.082397304,0.042781014,0.019409362,0.06834399
2024-07-10,0.06647922,0.025249505,0.022242902,0.019831123,0.04269928,0.02288118,0.014694109,0.04504504,0.06428689,0.074230805,0.1085756,0.06088321,0.08072764,0.106536604,0.019841246,0.08419714,0.04006282,0.026590636,0.07494507
2024-07-11,0.053701546,0.021454608,0.025334263,0.019960904,0.048547104,0.02188401,0.014939776,0.04181675,0.08343049,0.082144424,0.11039084,0.06587821,0.08621446,0.0944663,0.02410768,0.07609461,0.03735953,0.028142134,0.06413235
2024-07-12,0.0491071,0.020838398,0.029474843,0.02077762,0.049183723,0.022495931,0.014950957,0.039789483,0.08159255,0.07900483,0.10954411,0.07080344,0.083153225,0.09721523,0.024109025,0.0755456,0.0408776,0.026558157,0.06497816
2024-07-15,0.04311462,0.02521038,0.039473645,0.01883455,0.048809495,0.024358913,0.01426551,0.041444845,0.065528534,0.069311805,0.10540865,0.07071538,0.0875643,0.10363163,0.020498252,0.089888245,0.03756634,0.022865264,0.07150969
2024-07-16,0.028499138,0.028514143,0.041495647,0.020640656,0.042021535,0.025003532,0.014363873,0.04364369,0.06971306,0.07164897,0.09791021,0.0724723,0.094957724,0.102756105,0.026099706,0.084756345,0.041317564,0.031854853,0.062330823
2024-07-17,0.03373545,0.032164305,0.032332644,0.018021485,0.040484153,0.022713073,0.014529146,0.040839594,0.062585324,0.06564108,0.10735668,0.056191083,0.10312919,0.10735668,0.026128253,0.09320167,0.039237976,0.035606306,0.06874598
2024-07-18,0.03742032,0.034614343,0.031683262,0.02007586,0.039796166,0.02250815,0.014342809,0.033407066,0.07371936,0.060998287,0.09029536,0.05208926,0.10597982,0.10597982,0.02785885,0.07342766,0.04900686,0.03373064,0.09306603
2024-07-19,0.042561475,0.032042895,0.035516933,0.020186538,0.040477373,0.023341978,0.015255521,0.042560037,0.06237882,0.067180716,0.09021795,0.05505406,0.07649347,0.1127239,0.026526345,0.096202075,0.045917805,0.036708035,0.07865404
2024-07-22,0.047306966,0.021318354,0.033862807,0.024445683,0.045273762,0.027850121,0.016300397,0.048413046,0.061599087,0.07207307,0.120088495,0.07534527,0.0710701,0.07856754,0.022072734,0.09360695,0.04936304,0.034813352,0.05662922
2024-07-23,0.03872779,0.025628783,0.023335565,0.018586976,0.042894922,0.024843631,0.01598761,0.041412544,0.06651473,0.078090355,0.11813336,0.06028772,0.08890597,0.09052832,0.02802011,0.097209096,0.04067705,0.039915048,0.06030044
2024-07-24,0.02934242,0.029313212,0.038508285,0.020490471,0.04000272,0.023227429,0.015871888,0.04015432,0.051515557,0.0785367,0.1150612,0.050754912,0.10070187,0.08617744,0.034474608,0.10713077,0.04186466,0.040211163,0.05666047
2024-07-25,0.035098944,0.029284121,0.03123147,0.022207135,0.043201584,0.02414558,0.0165639,0.040389314,0.06169726,0.078133605,0.12239159,0.04845424,0.10425309,0.076956004,0.03356869,0.09938888,0.03919356,0.039557025,0.05428395
2024-07-26,0.041229982,0.032438643,0.019359486,0.022777908,0.046446096,0.02310938,0.017588325,0.035719655,0.07217958,0.07251487,0.12996112,0.036869597,0.12996112,0.065418474,0.039700963,0.09125404,0.03181392,0.037782647,0.053874124
2024-07-29,0.05311491,0.030261856,0.017395448,0.02994481,0.04135573,0.022894548,0.017395448,0.034348685,0.08634951,0.062736355,0.12853594,0.032796465,0.12853594,0.06542948,0.039557833,0.076600656,0.030550642,0.030136697,0.07205898
2024-07-30,0.052928366,0.03335297,0.01686713,0.031781994,0.041065227,0.018886773,0.01643131,0.031462856,0.08123773,0.06128835,0.12141187,0.029035905,0.12141187,0.093038894,0.038760375,0.056396294,0.036737654,0.03376356,0.0841409
2024-07-31,0.0485422,0.02480777,0.016513074,0.020885086,0.043659214,0.020295518,0.016513074,0.030082585,0.09667735,0.0713499,0.12201603,0.041045543,0.12201603,0.0870737,0.040486064,0.06178515,0.035861563,0.03734057,0.063049555
2024-08-01,0.053023662,0.028044682,0.019082267,0.026702065,0.04656765,0.021199137,0.01674059,0.028664254,0.09423652,0.07302232,0.12369716,0.030452479,0.12369716,0.077195264,0.039981287,0.070827685,0.03270526,0.028147614,0.066012956
2024-08-02,0.051124014,0.03150859,0.017031526,0.024831485,0.045812674,0.021283122,0.01701588,0.030341892,0.08180514,0.0679014,0.12573129,0.03060757,0.12573129,0.087738566,0.038653158,0.07033043,0.035221774,0.033278257,0.06405193
2024-08-05,0.05058846,0.03279717,0.01747466,0.027283357,0.04698074,0.021948433,0.01747466,0.032158304,0.07655067,0.07293131,0.12912126,0.030988168,0.12912126,0.083489865,0.036603037,0.06442627,0.035680395,0.03645778,0.057924245
2024-08-06,0.048661742,0.034781925,0.017322706,0.026664687,0.046871062,0.02163879,0.017322706,0.03210402,0.077147365,0.069227576,0.12799846,0.030679187,0.12799846,0.08917063,0.033513695,0.0604144,0.035971116,0.04036106,0.062150396
2024-08-07,0.043071512,0.042644143,0.018589718,0.027129952,0.051862948,0.024086703,0.018589718,0.03594816,0.06148737,0.08137647,0.13736047,0.033432763,0.13736047,0.057288975,0.03758967,0.06661716,0.03469646,0.040221084,0.05064617
2024-08-08,0.034095235,0.051140327,0.016742669,0.022315616,0.04012243,0.021898666,0.019141145,0.03376358,0.050122544,0.092511095,0.123712525,0.028367773,0.11006499,0.08526883,0.044390358,0.070395835,0.03347954,0.061987348,0.060479507
2024-08-09,0.030409053,0.038520657,0.019779071,0.023454353,0.043159395,0.023963423,0.017517943,0.03337491,0.056207635,0.086053014,0.12944105,0.04234224,0.11900747,0.06595237,0.042769343,0.071694806,0.0403963,0.05871656,0.057240397
2024-08-12,0.023673609,0.02990979,0.02957073,0.025597734,0.04584928,0.02406332,0.016866175,0.03415188,0.059415404,0.09180694,0.12462511,0.05886734,0.12462511,0.05404827,0.04595162,0.06735114,0.0434854,0.04993766,0.050203513
2024-08-13,0.018291764,0.026013741,0.031072497,0.025596833,0.042948153,0.027252506,0.015883833,0.03475379,0.063356765,0.075812,0.10547088,0.11736654,0.0958841,0.04963757,0.041555487,0.054149546,0.04683133,0.069538966,0.058583748
2024-08-14,0.017756747,0.034356523,0.04117723,0.019145146,0.04739175,0.02545513,0.015463436,0.03289856,0.05159624,0.09875489,0.090514526,0.08710551,0.08589926,0.058854286,0.042155504,0.08258169,0.043771062,0.06122947,0.06389305
2024-08-15,0.019570053,0.040903304,0.037049785,0.017909002,0.045468602,0.024887986,0.015265655,0.035104178,0.052821327,0.08684817,0.10365554,0.10805395,0.089055784,0.04250572,0.032114483,0.088768534,0.041967463,0.047777608,0.07027289
2024-08-16,0.022159249,0.049500223,0.035664335,0.01765487,0.04423854,0.029368209,0.016601596,0.038681693,0.049669363,0.06462948,0.0822323,0.12135544,0.061244275,0.068610445,0.023498401,0.082485594,0.067409284,0.04504696,0.07994968
2024-08-20,0.020616982,0.052245542,0.033603508,0.018120406,0.042753167,0.028335793,0.016044585,0.035098754,0.050840642,0.06941106,0.0864819,0.10912041,0.07266348,0.064662844,0.02556775,0.080079906,0.06251762,0.04385095,0.08798464
2024-08-21,0.022969488,0.047377415,0.038132433,0.018922536,0.03985954,0.03042073,0.015785085,0.030395754,0.047642894,0.061937463,0.06632695,0.091867715,0.06048846,0.09616345,0.023208,0.07834174,0.07613079,0.037392687,0.11663687
2024-08-22,0.019954793,0.045859247,0.050019223,0.017193973,0.043099623,0.029738449,0.016101984,0.027236741,0.041845936,0.08074714,0.05830765,0.08344829,0.05234519,0.09790824,0.027879301,0.09888356,0.063047215,0.045675006,0.1007084
2024-08-23,0.02117829,0.06023155,0.03971758,0.021824919,0.043753956,0.029371213,0.01718894,0.031168176,0.041888386,0.07954357,0.09080675,0.0525475,0.10058051,0.07804526,0.023702608,0.10032101,0.056707677,0.026799638,0.08462248
2024-08-26,0.023372887,0.047592405,0.041939553,0.019451868,0.05069801,0.03171754,0.01735521,0.03825313,0.042204376,0.08956845,0.07647793,0.0975707,0.0559676,0.0629123,0.02608815,0.103745274,0.06960978,0.029678274,0.07579657
2024-08-27,0.021614024,0.045790225,0.035596475,0.017312922,0.04644369,0.028699638,0.028215498,0.035454787,0.044712566,0.11769693,0.11066314,0.041671634,0.06935096,0.07374104,0.0356957,0.10800014,0.04322873,0.037623677,0.058488265
2024-08-28,0.022917684,0.05164433,0.02562976,0.01903867,0.047477715,0.028634457,0.034916732,0.03695837,0.05172809,0.11462727,0.11462727,0.037727922,0.08061632,0.06569231,0.039896123,0.111146204,0.036965705,0.0336569,0.046098243
2024-08-29,0.020215968,0.03773933,0.025345262,0.016064974,0.050669186,0.028166924,0.025966195,0.034603436,0.05655269,0.11870499,0.11870499,0.06677006,0.07023792,0.05166349,0.042345826,0.1059338,0.04390822,0.03608272,0.05032414
2024-08-30,0.027937531,0.047462482,0.022961786,0.016760198,0.046967294,0.030050889,0.028866293,0.03243545,0.05057739,0.104468256,0.12384205,0.058636565,0.056279346,0.0584052,0.037697017,0.12384205,0.045641918,0.024777044,0.062391248
2024-09-02,0.02520252,0.03781223,0.022593768,0.01735918,0.04906678,0.02899687,0.023390913,0.03493827,0.06286008,0.09982238,0.12826796,0.061601,0.078509994,0.05245112,0.033230975,0.11530007,0.049055792,0.026779963,0.05276019
2024-09-03,0.026367992,0.03999438,0.024690216,0.017805526,0.05549876,0.03263705,0.028073099,0.037286256,0.04859371,0.09543476,0.13156603,0.06856701,0.051837612,0.04970189,0.034577288,0.13156603,0.044042967,0.030470867,0.05128861
2024-09-04,0.019072324,0.038823824,0.029903619,0.017435824,0.050319508,0.028071163,0.02829912,0.033212487,0.054430716,0.12020904,0.12020904,0.07032347,0.06811414,0.0435504,0.0402461,0.12020904,0.04065837,0.030461887,0.046450004
2024-09-05,0.0183201,0.04393032,0.03898272,0.017323798,0.051002916,0.02855113,0.030427182,0.033293985,0.04319097,0.12227091,0.12227091,0.06663575,0.06222773,0.042129666,0.037352398,0.12227091,0.041170042,0.027034953,0.051613495
2024-09-06,0.018783145,0.042835884,0.03352384,0.016860569,0.05104704,0.031042585,0.03113673,0.032142095,0.044276558,0.1245837,0.1245837,0.07957622,0.05344801,0.039698042,0.036945626,0.1245837,0.039619472,0.026234407,0.049078666
2024-09-09,0.01771883,0.04724104,0.03220665,0.016973061,0.051910758,0.031755544,0.035782963,0.03197039,0.037093222,0.12541491,0.12541491,0.07161192,0.04692567,0.042859465,0.042974696,0.12541491,0.036408905,0.03034855,0.049973574
2024-09-10,0.016912924,0.031287324,0.029765476,0.016912924,0.052715544,0.03523788,0.031433858,0.03175435,0.04708379,0.12497055,0.12497055,0.086784996,0.042791724,0.04264813,0.03786942,0.12497055,0.038520128,0.039160185,0.044209722
2024-09-11,0.016915027,0.028848216,0.031218743,0.016915027,0.055186987,0.0356305,0.032068174,0.032279756,0.050233234,0.12498608,0.12498608,0.089449935,0.04350678,0.041289844,0.03682034,0.11981547,0.036746684,0.041925095,0.041178003
2024-09-12,0.017104255,0.031142335,0.035285994,0.017104255,0.05656192,0.034529157,0.033535052,0.034255743,0.046557385,0.1263843,0.1263843,0.09019556,0.04411519,0.035668243,0.035754975,0.1263843,0.03522256,0.03497619,0.03883826
2024-09-13,0.016836368,0.032977566,0.035514895,0.016836368,0.0566158,0.03571969,0.035560533,0.031014571,0.04429786,0.12440486,0.12440486,0.09816984,0.043726414,0.03300734,0.03825511,0.12440486,0.030817406,0.040663276,0.03677239
2024-09-18,0.016845528,0.041718103,0.033777818,0.016845528,0.058321796,0.028384604,0.032248534,0.025268698,0.035049934,0.12447256,0.121926144,0.09044472,0.0470526,0.036333594,0.044584695,0.12447256,0.024748227,0.057976894,0.03952738
2024-09-19,0.017469456,0.04586051,0.032824498,0.017469456,0.05635516,0.033476703,0.034137327,0.02539547,0.031590693,0.1290828,0.0981148,0.095744625,0.04095365,0.03959937,0.042917598,0.1290828,0.029003467,0.051753227,0.049168356
2024-09-20,0.017121678,0.049852137,0.03144081,0.017121678,0.048520293,0.034511894,0.03061844,0.025432732,0.04367703,0.12651303,0.089978345,0.101911,0.049168084,0.040367223,0.043037992,0.12651303,0.031057362,0.039128285,0.05402896
2024-09-23,0.016834239,0.0670496,0.04030199,0.021259401,0.051853575,0.036573548,0.04960164,0.029976023,0.04817125,0.12305738,0.098214194,0.069367416,0.061548773,0.026636716,0.042656597,0.12305738,0.024804544,0.01867161,0.050364036
2024-09-24,0.019559205,0.07075506,0.04430265,0.030095704,0.041065723,0.05048031,0.05489991,0.028563645,0.059693802,0.114305794,0.07680037,0.07236536,0.03794802,0.02765602,0.03492385,0.114305794,0.022258334,0.019311268,0.0807092
2024-09-25,0.018883597,0.044803936,0.07378553,0.049332812,0.03306966,0.04538877,0.03782006,0.023164695,0.06610954,0.11121439,0.048045594,0.08138053,0.047844697,0.021906015,0.052472893,0.11121439,0.030846959,0.024755174,0.07796064
2024-09-26,0.015721366,0.038643133,0.088461675,0.042122338,0.031596076,0.047550067,0.029145215,0.019711573,0.05478418,0.11041351,0.034199752,0.090556584,0.044218965,0.030384235,0.0503388,0.09969775,0.04015545,0.037566714,0.09473265
2024-09-27,0.019069014,0.04680909,0.061131153,0.050277963,0.029870182,0.04609077,0.026101194,0.022758907,0.04928915,0.11717831,0.05601393,0.07337613,0.062282946,0.028042808,0.035758764,0.11271462,0.039821368,0.019284371,0.10412933
2024-09-30,0.027363367,0.057352867,0.049919732,0.0457299,0.029379398,0.04649118,0.020796044,0.03024817,0.04555341,0.08698725,0.067661494,0.056429286,0.07822589,0.03804574,0.0207919,0.11383784,0.048081584,0.017387401,0.119717486
2024-10-01,0.02972893,0.06281613,0.04957373,0.04774346,0.024702266,0.04773612,0.020850284,0.030845594,0.042734668,0.07859074,0.061070003,0.040261637,0.083291225,0.04769423,0.021371359,0.114433594,0.051721588,0.017264688,0.12756975
2024-10-02,0.044658996,0.041778382,0.046783306,0.051356096,0.03170402,0.040331084,0.016877193,0.029702319,0.057823904,0.07157814,0.07005672,0.036538966,0.105046466,0.056848306,0.019593975,0.0866158,0.051122595,0.016877193,0.12470653
2024-10-03,0.0369679,0.03844023,0.04497092,0.049856365,0.033574417,0.03732922,0.016897326,0.02630403,0.05920399,0.07969408,0.0732576,0.042216897,0.1248553,0.04809991,0.025024125,0.07704158,0.05384547,0.016897326,0.11552322
2024-10-04,0.03644392,0.03863821,0.042197853,0.045987606,0.033935368,0.037652504,0.017045865,0.02721118,0.06078868,0.07515999,0.07842089,0.04815052,0.12595285,0.04710304,0.023177639,0.07468807,0.059476975,0.017045865,0.11092299
2024-10-07,0.032949936,0.041707993,0.04412452,0.049330175,0.035556946,0.039121673,0.018349769,0.024286829,0.050661653,0.08032534,0.0804274,0.050440043,0.12793685,0.031632207,0.032967564,0.09002619,0.05154964,0.018349769,0.10025553
2024-10-08,0.027429374,0.048143446,0.037239224,0.041355643,0.032920673,0.042725097,0.018376976,0.022929473,0.049511105,0.081649795,0.068833224,0.047873005,0.13578852,0.04096894,0.03223427,0.07864665,0.06763755,0.018376976,0.107360065
2024-10-09,0.029356897,0.047390614,0.03601702,0.04791898,0.036477175,0.042856894,0.019420782,0.023226084,0.05343309,0.078835085,0.075832844,0.0508553,0.14350125,0.03082422,0.035901364,0.07787925,0.056433,0.019420782,0.094419405
2024-10-10,0.029133825,0.047600888,0.033635385,0.050365932,0.03386398,0.039394792,0.018549038,0.022739774,0.05466234,0.076823086,0.078825355,0.05585174,0.13705988,0.031355407,0.046306994,0.077779494,0.055637885,0.018549038,0.09186508
2024-10-11,0.025448078,0.048033703,0.03215678,0.047828518,0.030702075,0.039493892,0.017974284,0.021727152,0.06612884,0.07796846,0.074999265,0.06600648,0.12920122,0.034707185,0.04822315,0.069893785,0.058041442,0.02102055,0.09044515
2024-10-14,0.03647028,0.043881003,0.033078063,0.051499203,0.035651773,0.039042633,0.018823588,0.022852521,0.06309783,0.07189383,0.08259147,0.04973879,0.13604967,0.031135773,0.03995226,0.0813293,0.0479786,0.018823588,0.096109785
2024-10-15,0.027269136,0.05642249,0.036317147,0.045412198,0.030456103,0.038871568,0.018928224,0.028291347,0.06839246,0.06830783,0.075800344,0.054388523,0.12459201,0.041461654,0.040475454,0.090894796,0.049124338,0.019693397,0.08490098
2024-10-16,0.035712734,0.060596164,0.036306184,0.04623487,0.032127976,0.03629979,0.019432403,0.03128735,0.07627964,0.054361336,0.07321448,0.059579264,0.10151279,0.044498816,0.03728002,0.10170536,0.043245018,0.019432403,0.09089346
2024-10-18,0.039484438,0.053866487,0.03359168,0.04835737,0.032090403,0.033942226,0.01896632,0.02845551,0.08296833,0.055662967,0.07191862,0.052312654,0.11304497,0.04542679,0.039799213,0.091595486,0.04248172,0.01896632,0.09706848
2024-10-21,0.02897393,0.07152342,0.026167091,0.036946025,0.023098605,0.03517285,0.019615868,0.028894454,0.07061183,0.061923843,0.053803183,0.03470287,0.12457671,0.06379099,0.050775852,0.07585644,0.060707588,0.02349924,0.109359294
2024-10-22,0.03346522,0.08708985,0.018102769,0.03402517,0.028767139,0.038775552,0.019829314,0.038762134,0.0766797,0.05643374,0.076770954,0.03165337,0.13285224,0.058441166,0.036293864,0.073787995,0.037517823,0.018102769,0.10264921
2024-10-23,0.032977257,0.087603405,0.023310693,0.04573168,0.027145438,0.0400079,0.02067334,0.038111903,0.07095553,0.05544861,0.054543693,0.03166798,0.122993305,0.061249208,0.0503202,0.07701687,0.045420945,0.018897735,0.095924295
2024-10-24,0.035575934,0.07013136,0.022297455,0.05115829,0.038669303,0.03627179,0.019073537,0.041883208,0.08670247,0.054303657,0.08446481,0.046579354,0.14093544,0.034586765,0.02816313,0.065203615,0.034366574,0.019073537,0.09055971
2024-10-25,0.026419045,0.057601046,0.027244424,0.048338242,0.04373043,0.036471426,0.017293187,0.03892907,0.09773556,0.058039166,0.10703939,0.081205,0.12196081,0.022210548,0.027343687,0.05709849,0.03045997,0.01868684,0.082193635
2024-10-28,0.020045338,0.05250622,0.028779157,0.04642807,0.03701084,0.034498695,0.01745982,0.041362654,0.096866354,0.060854603,0.11953462,0.09082085,0.11953462,0.018461877,0.032059833,0.053588044,0.036719058,0.02311108,0.070358366
2024-10-29,0.018869355,0.06202004,0.027112627,0.036403697,0.033649378,0.033601858,0.016434511,0.04123475,0.09350592,0.06112027,0.1024762,0.088509135,0.11274041,0.02270918,0.03217509,0.058654793,0.03962623,0.02945613,0.089700505
2024-10-30,0.02050997,0.07457859,0.028231567,0.036239322,0.03424531,0.03509845,0.01766867,0.036233358,0.09289388,0.06704151,0.08790366,0.06624207,0.10638119,0.025886538,0.037195906,0.06755377,0.042277504,0.028085018,0.09573366
2024-11-01,0.019295314,0.07111261,0.026320646,0.043362945,0.035115156,0.039205354,0.01821036,0.039455917,0.10008988,0.06965459,0.11054533,0.04998779,0.1329994,0.02056849,0.029419268,0.064524435,0.038809117,0.020173691,0.07114978
2024-11-04,0.020175701,0.0833551,0.029370043,0.049946684,0.0298953,0.037430745,0.019471373,0.03996007,0.0941495,0.0594166,0.084804155,0.041828576,0.13577086,0.02696427,0.037398852,0.076635286,0.046457786,0.019931516,0.06703767
2024-11-05,0.019242369,0.07965035,0.026613925,0.05251207,0.031094752,0.039833847,0.019242369,0.044149626,0.09131214,0.06440376,0.09417994,0.039094232,0.14218295,0.025489105,0.032576155,0.072541244,0.04606599,0.019242369,0.060572784
2024-11-06,0.01652543,0.031192472,0.020096976,0.020286016,0.053763498,0.030449376,0.028512161,0.030609291,0.1192519,0.1192519,0.1192519,0.08205999,0.10419031,0.026913077,0.03419683,0.08143733,0.025156489,0.029090945,0.027764129
2024-11-07,0.01695867,0.030252432,0.023505483,0.021995675,0.059094105,0.036503915,0.028119214,0.037107732,0.11268405,0.12022944,0.12022944,0.082941696,0.0863987,0.030994445,0.02738106,0.083478674,0.025022976,0.030415328,0.026686883
2024-11-08,0.02027877,0.029123185,0.027790658,0.027832983,0.062994376,0.040586438,0.02675669,0.046595838,0.107177146,0.12407483,0.12407483,0.07503258,0.065792434,0.03968276,0.019260135,0.086490646,0.025568908,0.025366716,0.025520002
2024-11-11,0.02291009,0.035159342,0.020827001,0.03593803,0.05115776,0.03580498,0.019588279,0.06185039,0.11339979,0.09820832,0.126848,0.06428117,0.09568512,0.03740507,0.01716701,0.08685376,0.030028673,0.01716701,0.02972019
2024-11-12,0.02234473,0.03958672,0.017271055,0.03592719,0.047142215,0.03535975,0.020140221,0.065785974,0.11360054,0.094287574,0.12705626,0.05748103,0.11189908,0.03681035,0.017195193,0.07684043,0.028448544,0.018866876,0.03395629
2024-11-13,0.016455766,0.022507666,0.049537662,0.035578594,0.07065236,0.040462997,0.023993278,0.056510802,0.088415764,0.11846595,0.11846595,0.088211045,0.050223153,0.049432226,0.016032623,0.07672432,0.028397938,0.026694668,0.023237329
2024-11-14,0.01818918,0.023337614,0.05070006,0.032930754,0.06916133,0.04417841,0.02599083,0.05728881,0.08360152,0.11812541,0.11812541,0.08813789,0.034313027,0.050327394,0.015986536,0.085050605,0.028031735,0.029021922,0.0275016
2024-11-18,0.020942405,0.026964387,0.046427142,0.04101975,0.059052847,0.04559081,0.021509154,0.054927256,0.084246665,0.11065993,0.12036162,0.07171405,0.035555426,0.059659004,0.016289175,0.09355004,0.03465414,0.0261605,0.030715737
2024-11-19,0.023207722,0.028959302,0.043725815,0.039183743,0.061081428,0.04901815,0.019944008,0.059492785,0.0877789,0.09679348,0.12188465,0.0621315,0.041334983,0.06678857,0.016495295,0.08710113,0.03753773,0.02700282,0.030537939
2024-11-20,0.023282647,0.030161953,0.03661539,0.034752358,0.05687804,0.049555104,0.023371723,0.05413077,0.08140392,0.11496128,0.12002183,0.067056246,0.034173787,0.053701647,0.016243188,0.11619039,0.03240706,0.022375591,0.03271706
2024-11-21,0.025059357,0.03327434,0.03248363,0.031459037,0.057748783,0.049878255,0.021777699,0.057220742,0.08652866,0.11180993,0.12247375,0.06324222,0.037744682,0.050692897,0.01657502,0.111532934,0.031556565,0.025342036,0.033599418
2024-11-22,0.027301367,0.028391097,0.037838545,0.03818536,0.05576254,0.043435577,0.016597671,0.06333006,0.110584855,0.09954369,0.11708704,0.06660401,0.049896713,0.055493437,0.015846007,0.09688808,0.030616924,0.021141842,0.02545524
2024-11-25,0.029322796,0.031430036,0.04370156,0.038543172,0.05583879,0.044724043,0.016753169,0.069466,0.10285804,0.09327671,0.11874387,0.05128058,0.05058564,0.06263113,0.016070234,0.088744596,0.035205886,0.024670923,0.026152847
2024-11-26,0.026815878,0.02948978,0.044050563,0.040625367,0.057916805,0.044146404,0.016597217,0.06199666,0.10258773,0.10457319,0.11776697,0.05944813,0.05129628,0.05562242,0.015938025,0.09037099,0.032603003,0.023693664,0.024460923
2024-11-27,0.024353314,0.027814182,0.04835165,0.041393504,0.055151783,0.042701297,0.01588115,0.06328919,0.10367278,0.1012746,0.115795955,0.061960094,0.049845874,0.05984835,0.015671277,0.09193625,0.03400652,0.020463502,0.026588727
2024-11-28,0.022337634,0.025840273,0.048769265,0.044716086,0.05611168,0.045185115,0.016714578,0.061253473,0.09235064,0.108898364,0.115324765,0.07380943,0.04101461,0.053134464,0.01560751,0.09875875,0.03273592,0.021097435,0.026340006
2024-11-29,0.022274565,0.023873633,0.057403196,0.04556153,0.060626276,0.047364704,0.016249869,0.05757703,0.082365304,0.11343459,0.1093358,0.0892186,0.029858116,0.046042804,0.016085427,0.09702756,0.03176572,0.03071477,0.023220489
2024-12-02,0.026127359,0.023781141,0.059470784,0.048765052,0.05559277,0.045848846,0.0154736,0.06336816,0.08057056,0.10024841,0.10872464,0.08722033,0.02812046,0.048022505,0.016002828,0.101510346,0.033344105,0.036614243,0.021193828
2024-12-03,0.028588707,0.022629742,0.074548915,0.05476418,0.054291043,0.04442173,0.017168827,0.05183184,0.079538584,0.10402881,0.085668035,0.09139596,0.024618708,0.04439963,0.020703591,0.10854742,0.029339943,0.046428442,0.01708588
2024-12-04,0.032108855,0.022989303,0.08184327,0.042905405,0.056560766,0.038348395,0.017883344,0.038556598,0.082399316,0.08617124,0.09049119,0.097187385,0.025455084,0.03747662,0.021965962,0.11050524,0.029924028,0.06456131,0.022666741
2024-12-05,0.025757303,0.021999182,0.089054,0.038615517,0.05487039,0.03512319,0.020036794,0.034093585,0.07533557,0.08962452,0.078139864,0.10801083,0.021101158,0.0272028,0.030740397,0.10731784,0.026655855,0.09160678,0.024714543
2024-12-06,0.01958244,0.021817312,0.0915342,0.037462693,0.049821448,0.038771015,0.022733413,0.039645933,0.059041224,0.09113097,0.06406943,0.11399062,0.01659127,0.031128833,0.03619674,0.09517487,0.029714344,0.11399062,0.02760264
2024-12-09,0.02274407,0.023535423,0.070851766,0.03445594,0.0444222,0.038720556,0.026428463,0.038324066,0.07648498,0.0874078,0.07466611,0.1001954,0.021362474,0.03646462,0.03196557,0.10608521,0.02441076,0.10954556,0.031928968
2024-12-10,0.018932978,0.01752543,0.08672594,0.033893205,0.051826686,0.040465996,0.025544489,0.031588335,0.06206588,0.098863654,0.07859387,0.1132391,0.01740907,0.025781909,0.031387024,0.09448013,0.026561351,0.1132391,0.031875905
2024-12-11,0.019274067,0.020022634,0.073037334,0.03613,0.046074517,0.039046563,0.02476898,0.028826067,0.058625743,0.09750715,0.08994749,0.109269746,0.019768331,0.023542356,0.03536572,0.10631423,0.024573738,0.113572285,0.034332957
2024-12-12,0.026920794,0.02783974,0.06064876,0.04001508,0.04508919,0.039493985,0.023943964,0.03038353,0.06388844,0.094216794,0.109833434,0.07896457,0.02649268,0.023760384,0.030485353,0.12208991,0.026552811,0.0921317,0.037248824
2024-12-13,0.026537534,0.022947982,0.10691884,0.054618433,0.05988769,0.034521118,0.02144522,0.027075626,0.060049705,0.1078876,0.06912958,0.10058748,0.019691855,0.016466996,0.038290586,0.11972152,0.031205151,0.061322283,0.021694815
2024-12-16,0.023820309,0.023202036,0.08340719,0.04347531,0.052194595,0.03844611,0.026075674,0.023982057,0.053457476,0.11656197,0.09314409,0.080167264,0.021506617,0.017836777,0.040173534,0.11713838,0.024619827,0.08837967,0.032411058
2024-12-17,0.02727654,0.021969251,0.07118197,0.037248004,0.049705032,0.0477872,0.03348397,0.020441545,0.04808151,0.11396085,0.09477142,0.062244307,0.020537782,0.020101517,0.041223153,0.12041854,0.025829699,0.108725935,0.03501178
2024-12-18,0.031240277,0.029721003,0.05084339,0.04087841,0.044051588,0.049873266,0.033672802,0.021365795,0.054342277,0.098443076,0.12187036,0.051394626,0.031305987,0.016775027,0.034542155,0.12187036,0.021697123,0.10325395,0.042858493
2024-12-19,0.032404732,0.030494608,0.05166274,0.03894995,0.048715394,0.05080292,0.034810945,0.02061548,0.05422241,0.106108755,0.11954886,0.049972825,0.030264802,0.016715748,0.036619067,0.1235136,0.021551197,0.09584031,0.037185624
2024-12-20,0.03182918,0.032080602,0.045449033,0.041235052,0.047809284,0.05695802,0.03564737,0.021157473,0.062087625,0.1023705,0.12317715,0.05025123,0.036370903,0.016670214,0.03124049,0.12317715,0.019479305,0.08119324,0.041816242
2024-12-23,0.030108405,0.030299265,0.043674972,0.041432355,0.046698913,0.059252437,0.03286802,0.023072276,0.060535096,0.1081049,0.12725927,0.04754554,0.03901426,0.017222669,0.02855094,0.12725927,0.020703433,0.07461282,0.04178517
2024-12-24,0.03372297,0.02842382,0.037486624,0.044727925,0.042715106,0.061637066,0.02823834,0.024550553,0.059413746,0.10844081,0.133156,0.042882144,0.042062886,0.018020706,0.025891492,0.12462953,0.02431505,0.07272544,0.046959866
2024-12-26,0.036205154,0.029910218,0.038417876,0.05091515,0.04267438,0.055940125,0.02533316,0.023953237,0.054274026,0.0959591,0.13628294,0.037314963,0.04737153,0.01844389,0.02456724,0.13308324,0.023055006,0.075711064,0.050587643
2024-12-27,0.03677536,0.028505981,0.033874847,0.051222425,0.03953616,0.06566675,0.023808008,0.024395779,0.051064096,0.09720172,0.1424179,0.035139296,0.048851993,0.019274166,0.02193147,0.1132323,0.028759083,0.08039286,0.057949804
2024-12-30,0.03845721,0.026708137,0.030901633,0.054546434,0.0404533,0.07430504,0.024738325,0.023363532,0.04922821,0.093046695,0.14746793,0.036166497,0.05306591,0.019957613,0.020093312,0.09973015,0.032546796,0.072104044,0.063119225
